Crash Id,Calendar Year,FDOT Crash Number,Reporting Agency Case Number,Reporting Agency Type,FDOT Managing District,County Name,Crash Date,Crash Time,Day,DHSMV City,Crash Report City Code,In Town,On Roadway Name,Int Roadway Name,Reference Distance (Miles),Reference Direction,Officer Latitude,Officer Longitude,FDOT Latitude,FDOT Longitude,FDOT Roadway,Nearest Inventory MP,Nearest Node From Crash,State Road #,US Highway,Crash Side of Road,Accident Lane Number,Travel Direction Vehicle 1,FDOT Road Category,DHSMV Road System Id,Relation to Junction,Crash Harmful Event Location,Intersection Type,Shoulder Type,FDOT Roadway SKID Test Result,FDOT Roadway SKID Test Date,Functional Class,RCI Surface Width,RCI Shoulder Type First,RCI Shoulder Width First,RCI Shoulder Type Second,RCI Shoulder Width Second,RCI Shoulder Type Third,RCI Shoulder Width Third,RCI Median Width,Avg Daily Traffic,AADT Source,RCI Avg Per Truck Traffic,RCI Horiz Curve Condition,Posted Speed Limit,Highest Injury in Crash,CAR Status Code,Alcohols/Drug Involved,Site Location,Lighting,Weather,Road Surface,Roadway Grade,Roadway Alignment,Traffic Way Vehicle 1,Traffic Way Vehicle 2,Traffic Control Vehicle 1,Traffic Control Vehicle 2,Count of Lanes,Road Condition 1,Road Condition 2,Road Condition 3,Environment Condition 1,Environment Condition 2,Environment Condition 3,Crash Harmful Event,Manner of Collision,Vehicle Movement,Driver Action Vehicle 1,Driver Action Vehicle 2,Location Within Workzone,Type of Workzone,Workers Present in Workzone,Law Enforcement Present in Workzone,School Bus Related,Count of Nonfatal Injuries,Count of Traffic Fatalities,Count of Serious Injuries,Count of Pedestrians,Count of Drivers,Count of Bicyclists,Count of Vehicles,Count of Persons,Wrong Way,Workzone Inv,Commercial Vehicle Inv,Intersection Inv,Lane Departure,Speeding,Agressive Driving,Impaired Driver,Impaired Pedestrian,Impaired Bicyclist,Distracted Driver,Speeding or Aggressive Driving,Pedestrian Related,Bicyclist Related,Pedestrian or Bicyclist Related,Motorcycle Inv,No Belt,No Belt - Ages 1-4,No Belt - Ages 5-12,No Belt - Ages 13-17,Driver - Ages Teen,Driver - Ages 65 plus,Driver - Ages 65-69,Driver - Ages 70-74,Driver - Ages 75-79,Driver - Ages 80 plus,ARBM Latitude,ARBM Longitude,UTM Zone 17N X,UTM Zone 17N Y,ARBM Side of Road,Urban Rural Indicator,GIS Street Source,Extract Date,OBJECTID,x,y
2019881002230,2019,881002230,FHPL19OFF056243,FLORIDA HIGHWAY PATROL,04 FOURTH,PALM BEACH,"August 24, 2019",1527,SUNDAY,9394 WEST PALM BEACH,0694,Y,I 95,BLUE HERON BLVD,1.75,S,26.7590135,-80.0910018,26.7589161,-80.0909754,93220000,31.224,06145,SR 9,I 95,M MEDIAN,M MIDDLE,N NORTH,01 INTERSTATE URBAN,01 INTERSTATE,01 NON-JUNCTION,01 ON ROADWAY,01 NOT AT INTERSECTION,01 PAVED,36,"June 10, 2019",11 URBAN PRIN ART INT.,76,PAVED WARN,10,,0,,0,33,230000,RCI,7.3,,65,2 POSSIBLE INJURY,31 Q/C COMPLETED - LOC VERIFIED,0 NO,01 NOT AT INTERSECTION/RRX/BRIDGE,01 DAYLIGHT,02 CLOUDY,02 WET,01 LEVEL,1 STRAIGHT,"TWO-WAY, DIVIDED, POSITIVE MED",,NO CONTROLS,NOT CODED,11,NONE,NOT CODED,NOT CODED,NONE,NOT CODED,NOT CODED,09 OTHER NON-COLLISION,77 OTHER (SEE NARRATIVE),06 CHANGING LANES,OTHER CONTRIBUTING ACTION,NOT CODED,00 NOT CODED,00 NOT CODED,00 NOT CODED,00 NOT CODED,01 NO,1,0,0,0,1,0,1,1,N,N,N,N,Y,N,N,N,N,N,N,N,N,N,N,N,N,N,N,N,N,N,N,N,N,N,26.75878852,-80.090909441,590389.509323,2960042.185042,R,,ARBM15Q1R2,"March 1, 2022",1146404,-8915679.554238765,3093368.3648767504
2019881168660,2019,881168660,FHPL19OFF026872,FLORIDA HIGHWAY PATROL,04 FOURTH,PALM BEACH,"April 24, 2019",0752,THURSDAY,9394 WEST PALM BEACH,0694,N,I 95,45TH ST,1,S,26.7589399,-80.0913,26.7444066,-80.0902906,93220000,30.215,01188,SR 9,I 95,L LEFT,2 THRU LANE 2,S SOUTH,01 INTERSTATE URBAN,01 INTERSTATE,01 NON-JUNCTION,01 ON ROADWAY,01 NOT AT INTERSECTION,01 PAVED,36,"June 10, 2019",11 URBAN PRIN ART INT.,76,PAVED WARN,10,LAWN,12,,0,33,230000,RCI,7.3,,65,2 POSSIBLE INJURY,31 Q/C COMPLETED - LOC VERIFIED,0 NO,01 NOT AT INTERSECTION/RRX/BRIDGE,01 DAYLIGHT,01 CLEAR,01 DRY,01 LEVEL,1 STRAIGHT,"TWO-WAY, DIVIDED, POSITIVE MED","TWO-WAY, DIVIDED, POSITIVE MED",NO CONTROLS,NO CONTROLS,11,NONE,NOT CODED,NOT CODED,NONE,NOT CODED,NOT CODED,14 MOTOR VEHICLE IN TRANSPORT,"04 SIDESWIPE, SAME DIRECTION",06 CHANGING LANES,FAILED TO KEEP IN PROPER LANE,NO CONTRIBUTING ACTION,00 NOT CODED,00 NOT CODED,00 NOT CODED,00 NOT CODED,01 NO,4,0,0,0,3,0,3,4,N,N,N,N,Y,N,N,N,N,N,N,N,N,N,N,N,N,N,N,N,N,N,N,N,N,N,26.74421006,-80.090619844,590429.842121,2958427.627257,L,,ARBM15Q1R2,"March 1, 2022",1146850,-8915647.31639065,3091550.977685857
2019881168740,2019,881168740,FHPL19OFF030103,FLORIDA HIGHWAY PATROL,04 FOURTH,PALM BEACH,"May 7, 2019",0846,WEDNESDAY,9394 WEST PALM BEACH,0694,N,I 95,FOREST HILL BLVD,0.1,N,26.65531,-80.0693899,26.6571498,-80.0697765,93220000,23.64,02218,SR 9,I 95,R RIGHT,1 THRU LANE 1,N NORTH,01 INTERSTATE URBAN,01 INTERSTATE,01 NON-JUNCTION,01 ON ROADWAY,01 NOT AT INTERSECTION,01 PAVED,34,"June 10, 2019",11 URBAN PRIN ART INT.,65,PAVED WARN,10,,0,,0,33,253000,RCI,7.3,,65,2 POSSIBLE INJURY,31 Q/C COMPLETED - LOC VERIFIED,0 NO,01 NOT AT INTERSECTION/RRX/BRIDGE,01 DAYLIGHT,02 CLOUDY,02 WET,02 HILLCREST,1 STRAIGHT,"TWO-WAY, DIVIDED, POSITIVE MED","TWO-WAY, DIVIDED, POSITIVE MED",NO CONTROLS,NO CONTROLS,10,NONE,NOT CODED,NOT CODED,NONE,NOT CODED,NOT CODED,14 MOTOR VEHICLE IN TRANSPORT,01 FRONT TO REAR,01 STRAIGHT AHEAD,OPERATED MV IN CARLESS OR NEGL,NO CONTRIBUTING ACTION,00 NOT CODED,00 NOT CODED,00 NOT CODED,00 NOT CODED,01 NO,1,0,0,0,2,0,2,2,N,N,N,N,N,N,N,N,N,N,N,N,N,N,N,N,N,N,N,N,N,N,N,N,N,N,26.656909324,-80.069717772,592579.028966,2948772.930132,R,,ARBM15Q1R2,"March 1, 2022",1146853,-8913320.507310983,3080672.718435272
2019881349530,2019,881349530,FHPL19OFF052136,FLORIDA HIGHWAY PATROL,04 FOURTH,PALM BEACH,"August 6, 2019",2319,WEDNESDAY,9394 WEST PALM BEACH,0694,Y,I 95,PALM BEACH LAKES BLVD,0.047,S,26.7189537,-80.0888959,26.7187534,-80.088567,93220070,0.171,04376,SR 9,I 95,R RIGHT,X RAMP,N NORTH,07 RAMP URBAN,01 INTERSTATE,14 ENTRANCE/EXIT RAMP,01 ON ROADWAY,01 NOT AT INTERSECTION,01 PAVED,0,"December 31, 2000",,24,PAVED,5,LAWN,12,,0,,17500,RCI,3.3,,,3 NO-INCAPACITATING INJURY,31 Q/C COMPLETED - LOC VERIFIED,3 A/D,08 EXIT RAMP,04 DARK-LIGHTED,01 CLEAR,01 DRY,01 LEVEL,1 STRAIGHT,ONE-WAY TRAFFICWAY,ONE-WAY TRAFFICWAY,TRAFFIC CONTROL SIGNAL,TRAFFIC CONTROL SIGNAL,2,NONE,NOT CODED,NOT CODED,NONE,NOT CODED,NOT CODED,14 MOTOR VEHICLE IN TRANSPORT,01 FRONT TO REAR,01 STRAIGHT AHEAD,OPERATED MV IN CARLESS OR NEGL,NO CONTRIBUTING ACTION,00 NOT CODED,00 NOT CODED,00 NOT CODED,00 NOT CODED,01 NO,1,0,0,0,2,0,2,2,N,N,N,N,N,N,N,Y,N,N,N,N,N,N,N,N,N,N,N,N,N,N,N,N,N,N,26.71873387,-80.088571136,590653.771166,2955607.254933,O,,ARBM15Q1R2,"March 1, 2022",1147124,-8915419.255058138,3088375.6112053418
2019894544350,2019,894544350,20190022173,COUNTY SHERIFF'S OFFICE,04 FOURTH,PALM BEACH,"December 29, 2019",1203,MONDAY,9394 WEST PALM BEACH,0694,Y,OKEECHOBEE BLVD,PARKER AVE,0.028,W,0,0,26.7058945,-80.0618945,93280000,8.584,01765,SR 704,,R RIGHT,4 THRU LANE 4,E EAST,30 URBAN 6+LN 2WY DIVD RASD,03 STATE,03 INTERSECTION-RELATED,01 ON ROADWAY,01 NOT AT INTERSECTION,03 CURB,34,"May 2, 2017",16 URBAN MINOR ART,43,PAVED,4,CURB&GUTTER,2,,0,31,70000,RCI,3.3,,35,1 NO INJURY,31 Q/C COMPLETED - LOC VERIFIED,0 NO,03 INFLUENCED BY INTERSECTION,01 DAYLIGHT,02 CLOUDY,02 WET,01 LEVEL,1 STRAIGHT,"TWO-WAY, DIVIDED, POSITIVE MED","TWO-WAY, DIVIDED, POSITIVE MED",NO CONTROLS,NO CONTROLS,8,"RD SURFC (WET, ICY, SNOW, ETC)",NOT CODED,NOT CODED,WEATHER CONDITIONS,NOT CODED,NOT CODED,14 MOTOR VEHICLE IN TRANSPORT,01 FRONT TO REAR,14 SLOWING,FOLLOWED TOO CLOSELY,NO CONTRIBUTING ACTION,00 NOT CODED,00 NOT CODED,00 NOT CODED,00 NOT CODED,01 NO,0,0,0,0,3,0,3,3,N,N,N,Y,N,N,N,N,N,N,N,N,N,N,N,N,N,N,N,N,N,N,N,N,N,N,26.705866244,-80.061927982,593314.419031,2954201.223412,R,,ARBM15Q1R2,"March 1, 2022",2455952,-8912453.351818148,3086772.053431634
2019837749460,2019,837749460,FHPL19OFF063744,FLORIDA HIGHWAY PATROL,04 FOURTH,PALM BEACH,"September 25, 2019",1715,THURSDAY,9394 WEST PALM BEACH,0694,Y,I 95,AUSTRALIAN AVE,0.05,N,26.7002389,-80.0716223,26.7039941,-80.073951,93220000,27.021,01181,SR 9,I 95,R RIGHT,2 THRU LANE 2,N NORTH,01 INTERSTATE URBAN,01 INTERSTATE,01 NON-JUNCTION,01 ON ROADWAY,01 NOT AT INTERSECTION,01 PAVED,35,"June 10, 2019",11 URBAN PRIN ART INT.,64,PAVED WARN,10,LAWN,12,,0,33,246000,RCI,7.3,0D4500,65,2 POSSIBLE INJURY,31 Q/C COMPLETED - LOC VERIFIED,0 NO,01 NOT AT INTERSECTION/RRX/BRIDGE,01 DAYLIGHT,02 CLOUDY,01 DRY,01 LEVEL,1 STRAIGHT,"TWO-WAY, DIVIDED, POSITIVE MED","TWO-WAY, DIVIDED, POSITIVE MED",NO CONTROLS,NO CONTROLS,10,NONE,NOT CODED,NOT CODED,NONE,NOT CODED,NOT CODED,14 MOTOR VEHICLE IN TRANSPORT,01 FRONT TO REAR,01 STRAIGHT AHEAD,OPERATED MV IN CARLESS OR NEGL,NO CONTRIBUTING ACTION,00 NOT CODED,00 NOT CODED,00 NOT CODED,00 NOT CODED,01 NO,1,0,0,0,2,0,2,2,N,N,N,N,N,N,N,N,N,N,N,N,N,N,N,N,N,N,N,N,N,N,N,N,N,N,26.703845898,-80.073849877,592130.055564,2953968.771505,R,,ARBM15Q1R2,"March 1, 2022",2456130,-8913780.49143493,3086520.2952134274
2019881834270,2019,881834270,FHPL19OFF055147,FLORIDA HIGHWAY PATROL,04 FOURTH,PALM BEACH,"August 20, 2019",0703,WEDNESDAY,9394 WEST PALM BEACH,0694,N,I 95,OKEECHOBEE BLVD,0.25,S,26.7000497,-80.0718627,26.7004369,-80.0717643,93220000,26.741,01228,SR 9,I 95,L LEFT,4 THRU LANE 4,N NORTH,01 INTERSTATE URBAN,01 INTERSTATE,01 NON-JUNCTION,01 ON ROADWAY,01 NOT AT INTERSECTION,01 PAVED,35,"June 10, 2019",11 URBAN PRIN ART INT.,64,PAVED WARN,10,LAWN,12,,0,33,246000,RCI,7.3,,65,2 POSSIBLE INJURY,31 Q/C COMPLETED - LOC VERIFIED,0 NO,01 NOT AT INTERSECTION/RRX/BRIDGE,01 DAYLIGHT,01 CLEAR,01 DRY,01 LEVEL,1 STRAIGHT,"TWO-WAY, DIVIDED, POSITIVE MED","TWO-WAY, DIVIDED, POSITIVE MED",NO CONTROLS,NO CONTROLS,10,NONE,NOT CODED,NOT CODED,NONE,NOT CODED,NOT CODED,14 MOTOR VEHICLE IN TRANSPORT,"04 SIDESWIPE, SAME DIRECTION",88 UNKNOWN,OTHER CONTRIBUTING ACTION,NO CONTRIBUTING ACTION,00 NOT CODED,00 NOT CODED,00 NOT CODED,00 NOT CODED,01 NO,1,0,0,0,2,0,2,2,N,N,N,N,Y,N,N,N,N,N,N,N,N,N,N,N,N,N,N,N,N,N,N,N,N,N,26.700236266,-80.071979978,592318.986246,2953570.309655,L,,ARBM15Q1R2,"March 1, 2022",2456334,-8913572.335259527,3086070.5050718435
2019815073690,2019,815073690,19037267,CITY POLICE DEPARTMENT,04 FOURTH,PALM BEACH,"February 13, 2019",1358,THURSDAY,9394 WEST PALM BEACH,0694,N,,PERIMETER RD,0,S,0,0,26.68968,-80.079114,93A24282,,,,,I INTERSECTION,M MIDDLE,W WEST,,05 LOCAL,01 NON-JUNCTION,01 ON ROADWAY,01 NOT AT INTERSECTION,01 PAVED,0,"December 31, 2000",,,,0,,0,,0,,,RCI,0,,,1 NO INJURY,33 Q/C VERIFIED AS OFF-SYSTEM,0 NO,01 NOT AT INTERSECTION/RRX/BRIDGE,01 DAYLIGHT,01 CLEAR,01 DRY,00 NOT CODED,0 NOT CODED,ONE-WAY TRAFFICWAY,ONE-WAY TRAFFICWAY,NO CONTROLS,NO CONTROLS,,NONE,NOT CODED,NOT CODED,NONE,NOT CODED,NOT CODED,09 OTHER NON-COLLISION,"04 SIDESWIPE, SAME DIRECTION",06 CHANGING LANES,OPERATED MV IN CARLESS OR NEGL,NO CONTRIBUTING ACTION,00 NOT CODED,00 NOT CODED,00 NOT CODED,00 NOT CODED,01 NO,0,0,0,0,2,0,2,5,N,N,N,N,Y,N,N,N,N,N,N,N,N,N,N,N,N,N,N,N,N,Y,N,Y,N,N,26.689679042,-80.079112656,591617.838009,2952395.814946,O,U,ARBM15Q1R2,"March 1, 2022",2457102,-8914366.341455866,3084755.0686981594
2019881627830,2019,881627830,FHPL19OFF055600,FLORIDA HIGHWAY PATROL,04 FOURTH,PALM BEACH,"August 21, 2019",2032,THURSDAY,9394 WEST PALM BEACH,0694,Y,I 95,SR 80,0.5,S,26.666724,-80.0711199,26.66813,-80.0706946,93220000,24.401,04276,SR 9,I 95,L LEFT,4 THRU LANE 4,S SOUTH,01 INTERSTATE URBAN,01 INTERSTATE,18 THROUGH ROADWAY,01 ON ROADWAY,01 NOT AT INTERSECTION,01 PAVED,36,"June 10, 2019",11 URBAN PRIN ART INT.,76,PAVED WARN,10,,0,,0,33,253000,RCI,7.3,0D3000,65,2 POSSIBLE INJURY,31 Q/C COMPLETED - LOC VERIFIED,0 NO,01 NOT AT INTERSECTION/RRX/BRIDGE,04 DARK-LIGHTED,01 CLEAR,01 DRY,01 LEVEL,1 STRAIGHT,"TWO-WAY, DIVIDED, POSITIVE MED","TWO-WAY, DIVIDED, POSITIVE MED",NO CONTROLS,NO CONTROLS,11,NONE,NOT CODED,NOT CODED,NONE,NOT CODED,NOT CODED,14 MOTOR VEHICLE IN TRANSPORT,"04 SIDESWIPE, SAME DIRECTION",06 CHANGING LANES,OTHER CONTRIBUTING ACTION,NO CONTRIBUTING ACTION,00 NOT CODED,00 NOT CODED,00 NOT CODED,00 NOT CODED,01 NO,1,0,0,0,2,0,2,2,N,N,N,N,Y,N,N,N,N,N,N,N,N,N,N,N,N,N,N,N,N,N,N,N,N,N,26.667809499,-80.071067342,592435.932108,2949979.284816,L,,ARBM15Q1R2,"March 1, 2022",2457212,-8913470.740861477,3082030.4983753283
2019837749570,2019,837749570,FHPL19OFF071763,FLORIDA HIGHWAY PATROL,04 FOURTH,PALM BEACH,"October 29, 2019",1314,WEDNESDAY,9394 WEST PALM BEACH,0694,Y,SR 9,SR 702,0.189,N,26.7591199,-80.0910499,26.7618655,-80.0921218,93220000,31.439,01217,SR 9,I 95,L LEFT,5 THRU LANE 5,S SOUTH,01 INTERSTATE URBAN,01 INTERSTATE,01 NON-JUNCTION,01 ON ROADWAY,01 NOT AT INTERSECTION,01 PAVED,36,"June 10, 2019",11 URBAN PRIN ART INT.,76,PAVED WARN,10,,0,,0,33,230000,RCI,7.3,,65,1 NO INJURY,31 Q/C COMPLETED - LOC VERIFIED,0 NO,01 NOT AT INTERSECTION/RRX/BRIDGE,01 DAYLIGHT,01 CLEAR,01 DRY,01 LEVEL,1 STRAIGHT,"TWO-WAY, DIVIDED, POSITIVE MED","TWO-WAY, DIVIDED, POSITIVE MED",NO CONTROLS,NO CONTROLS,11,NONE,NOT CODED,NOT CODED,NONE,NOT CODED,NOT CODED,18 OTHER NON-FIXED OBJECT,77 OTHER (SEE NARRATIVE),01 STRAIGHT AHEAD,NO CONTRIBUTING ACTION,NO CONTRIBUTING ACTION,00 NOT CODED,00 NOT CODED,00 NOT CODED,00 NOT CODED,01 NO,0,0,0,0,2,0,2,2,N,N,Y,N,N,N,N,N,N,N,N,N,N,N,N,N,N,N,N,N,N,Y,Y,N,N,N,26.761688435,-80.092374325,590241.559622,2960362.350808,L,,ARBM15Q1R2,"March 1, 2022",2457367,-8915842.624401234,3093729.9034528984
2019881971410,2019,881971410,FHPL19OFF072866,FLORIDA HIGHWAY PATROL,04 FOURTH,PALM BEACH,"November 2, 2019",1940,SUNDAY,9394 WEST PALM BEACH,0694,N,I 95,45TH ST,1.02,S,26.7440956,-80.090981,26.7441159,-80.0903066,93220000,30.195,01188,SR 9,I 95,R RIGHT,S SIDE OF ROAD,N NORTH,01 INTERSTATE URBAN,01 INTERSTATE,01 NON-JUNCTION,02 OFF ROADWAY,01 NOT AT INTERSECTION,01 PAVED,36,"June 10, 2019",11 URBAN PRIN ART INT.,76,PAVED WARN,10,LAWN,12,,0,33,230000,RCI,7.3,,65,1 NO INJURY,31 Q/C COMPLETED - LOC VERIFIED,0 NO,01 NOT AT INTERSECTION/RRX/BRIDGE,04 DARK-LIGHTED,02 CLOUDY,02 WET,01 LEVEL,1 STRAIGHT,"TWO-WAY, DIVIDED, POSITIVE MED",,NO CONTROLS,NOT CODED,11,NONE,NOT CODED,NOT CODED,NONE,NOT CODED,NOT CODED,01 OVERTURN/ROLLOVER,77 OTHER (SEE NARRATIVE),01 STRAIGHT AHEAD,NO CONTRIBUTING ACTION,NOT CODED,00 NOT CODED,00 NOT CODED,00 NOT CODED,00 NOT CODED,01 NO,0,0,0,0,1,0,1,1,N,N,N,N,Y,N,N,N,N,N,N,N,N,N,N,N,N,N,N,N,N,N,N,N,N,N,26.743962262,-80.090341757,590457.692907,2958400.37785,R,,ARBM15Q1R2,"March 1, 2022",2457851,-8915616.35988524,3091520.08849091
2019881868780,2019,881868780,FHPL19OFF060892,FLORIDA HIGHWAY PATROL,04 FOURTH,PALM BEACH,"September 13, 2019",1000,SATURDAY,9394 WEST PALM BEACH,0694,N,I 95,LANTANA RD,0.004,S,26.65531,-80.0693899,26.5870319,-80.068281,93220038,0.261,03702,SR 9,I 95,R RIGHT,X RAMP,N NORTH,07 RAMP URBAN,01 INTERSTATE,01 NON-JUNCTION,01 ON ROADWAY,01 NOT AT INTERSECTION,01 PAVED,0,"December 31, 2000",,12,PAVED WARN,5,CURB&GUTTER,2,,0,,13500,RCI,4.5,,,2 POSSIBLE INJURY,31 Q/C COMPLETED - LOC VERIFIED,0 NO,08 EXIT RAMP,01 DAYLIGHT,01 CLEAR,01 DRY,01 LEVEL,1 STRAIGHT,"TWO-WAY, DIVIDED, POSITIVE MED","TWO-WAY, DIVIDED, POSITIVE MED",TRAFFIC CONTROL SIGNAL,TRAFFIC CONTROL SIGNAL,1,NONE,NOT CODED,NOT CODED,NONE,NOT CODED,NOT CODED,14 MOTOR VEHICLE IN TRANSPORT,01 FRONT TO REAR,01 STRAIGHT AHEAD,OPERATED MV IN CARLESS OR NEGL,NO CONTRIBUTING ACTION,00 NOT CODED,00 NOT CODED,00 NOT CODED,00 NOT CODED,01 NO,1,0,0,0,2,0,2,2,N,N,N,N,N,N,N,N,N,N,N,N,N,N,N,N,N,N,N,N,N,N,N,N,N,N,26.58704124,-80.06829,592777.519728,2941035.229729,O,,ARBM15Q1R2,"March 1, 2022",2458016,-8913161.568235585,3071972.678868162
2019837749490,2019,837749490,FHPL19OFF066805,FLORIDA HIGHWAY PATROL,04 FOURTH,PALM BEACH,"October 8, 2019",1112,WEDNESDAY,9394 WEST PALM BEACH,0694,Y,I 95,FOREST HILL BLVD,0.5,N,26.67633,-80.06985,26.6628922,-80.0707439,93220000,24.04,02263,SR 9,I 95,R RIGHT,1 THRU LANE 1,N NORTH,01 INTERSTATE URBAN,01 INTERSTATE,01 NON-JUNCTION,01 ON ROADWAY,01 NOT AT INTERSECTION,01 PAVED,36,"June 10, 2019",11 URBAN PRIN ART INT.,76,PAVED WARN,8,VALLEY GUTR,3,,0,33,253000,RCI,7.3,0D3000,65,1 NO INJURY,31 Q/C COMPLETED - LOC VERIFIED,0 NO,01 NOT AT INTERSECTION/RRX/BRIDGE,01 DAYLIGHT,01 CLEAR,01 DRY,01 LEVEL,1 STRAIGHT,"TWO-WAY, DIVIDED, POSITIVE MED","TWO-WAY, DIVIDED, POSITIVE MED",NO CONTROLS,NO CONTROLS,11,NONE,NOT CODED,NOT CODED,NONE,NOT CODED,NOT CODED,14 MOTOR VEHICLE IN TRANSPORT,01 FRONT TO REAR,01 STRAIGHT AHEAD,NO CONTRIBUTING ACTION,NO CONTRIBUTING ACTION,00 NOT CODED,00 NOT CODED,00 NOT CODED,00 NOT CODED,01 NO,0,0,0,0,3,0,3,4,N,N,N,N,N,N,N,N,N,N,N,N,N,N,N,N,N,N,N,N,N,N,N,N,N,N,26.662648484,-80.070744225,592472.24755,2949407.870882,R,,ARBM15Q1R2,"March 1, 2022",2458951,-8913434.771656666,3081387.6006706203
2019881575930,2019,881575930,FHPL19OFF066531,FLORIDA HIGHWAY PATROL,04 FOURTH,PALM BEACH,"October 7, 2019",0845,TUESDAY,9394 WEST PALM BEACH,0694,N,I 95,FOREST HILL BLVD,1,S,26.65531,-80.0693899,26.6408974,-80.0687761,93220000,22.508,04269,SR 9,I 95,R RIGHT,1 THRU LANE 1,N NORTH,01 INTERSTATE URBAN,01 INTERSTATE,01 NON-JUNCTION,01 ON ROADWAY,01 NOT AT INTERSECTION,01 PAVED,34,"June 10, 2019",11 URBAN PRIN ART INT.,76,PAVED WARN,13,,0,,0,33,228000,RCI,7.3,1D3000,65,1 NO INJURY,31 Q/C COMPLETED - LOC VERIFIED,0 NO,01 NOT AT INTERSECTION/RRX/BRIDGE,01 DAYLIGHT,02 CLOUDY,01 DRY,01 LEVEL,1 STRAIGHT,"TWO-WAY, DIVIDED, POSITIVE MED","TWO-WAY, DIVIDED, POSITIVE MED",NO CONTROLS,NO CONTROLS,11,NONE,NOT CODED,NOT CODED,NONE,NOT CODED,NOT CODED,14 MOTOR VEHICLE IN TRANSPORT,01 FRONT TO REAR,01 STRAIGHT AHEAD,OPERATED MV IN CARLESS OR NEGL,NO CONTRIBUTING ACTION,00 NOT CODED,00 NOT CODED,00 NOT CODED,00 NOT CODED,01 NO,0,0,0,0,2,0,2,2,N,N,N,N,N,N,N,N,N,N,N,N,N,N,N,N,N,N,N,N,N,N,N,N,N,N,26.640630482,-80.068731837,592690.297411,2946970.560018,R,,ARBM15Q1R2,"March 1, 2022",2458997,-8913210.753545731,3078645.1864526514
2019837749540,2019,837749540,FHPL19OFF071320,FLORIDA HIGHWAY PATROL,04 FOURTH,PALM BEACH,"October 27, 2019",1452,MONDAY,9394 WEST PALM BEACH,0694,Y,I 95,PALM BEACH LAKES BLVD,1,N,26.7189599,-80.08946,26.7336672,-80.0908799,93220000,29.475,06142,SR 9,I 95,M MEDIAN,M MIDDLE,S SOUTH,01 INTERSTATE URBAN,01 INTERSTATE,01 NON-JUNCTION,03 SHOULDER,01 NOT AT INTERSECTION,01 PAVED,35,"June 10, 2019",11 URBAN PRIN ART INT.,76,PAVED WARN,10,LAWN,12,,0,33,230000,RCI,7.3,,65,3 NO-INCAPACITATING INJURY,31 Q/C COMPLETED - LOC VERIFIED,0 NO,01 NOT AT INTERSECTION/RRX/BRIDGE,01 DAYLIGHT,01 CLEAR,01 DRY,01 LEVEL,1 STRAIGHT,"TWO-WAY, DIVIDED, POSITIVE MED",,NO CONTROLS,NOT CODED,11,NONE,NOT CODED,NOT CODED,NONE,NOT CODED,NOT CODED,30 CONCRETE TRAFFIC BARRIER,77 OTHER (SEE NARRATIVE),06 CHANGING LANES,OPERATED MV IN CARLESS OR NEGL,NOT CODED,00 NOT CODED,00 NOT CODED,00 NOT CODED,00 NOT CODED,01 NO,1,0,0,0,1,0,1,1,N,N,N,N,Y,N,N,N,N,N,N,N,N,N,N,N,N,N,N,N,N,N,N,N,N,N,26.73350452,-80.090907695,590409.682237,2957241.640094,R,,ARBM15Q1R2,"March 1, 2022",2459344,-8915679.359794647,3090216.5465477165
2019837749550,2019,837749550,FHPL19OFF071729,FLORIDA HIGHWAY PATROL,04 FOURTH,PALM BEACH,"October 29, 2019",0856,WEDNESDAY,9394 WEST PALM BEACH,0694,Y,SR 9,SR 882,0.284,S,26.65531,-80.0693899,26.6512115,-80.0685217,93220000,23.224,02260,SR 9,I 95,R RIGHT,5 THRU LANE 5,N NORTH,01 INTERSTATE URBAN,01 INTERSTATE,01 NON-JUNCTION,01 ON ROADWAY,01 NOT AT INTERSECTION,01 PAVED,34,"June 10, 2019",11 URBAN PRIN ART INT.,65,PAVED WARN,10,,0,,0,33,228000,RCI,7.3,,65,1 NO INJURY,31 Q/C COMPLETED - LOC VERIFIED,0 NO,01 NOT AT INTERSECTION/RRX/BRIDGE,01 DAYLIGHT,01 CLEAR,01 DRY,01 LEVEL,1 STRAIGHT,"TWO-WAY, DIVIDED, POSITIVE MED","TWO-WAY, DIVIDED, POSITIVE MED",NO CONTROLS,NO CONTROLS,10,NONE,NOT CODED,NOT CODED,NONE,NOT CODED,NOT CODED,14 MOTOR VEHICLE IN TRANSPORT,01 FRONT TO REAR,14 SLOWING,OPERATED MV IN CARLESS OR NEGL,NO CONTRIBUTING ACTION,00 NOT CODED,00 NOT CODED,00 NOT CODED,00 NOT CODED,01 NO,0,0,0,0,2,0,2,2,N,N,N,N,N,N,N,N,N,N,N,N,N,N,N,N,N,N,N,N,N,N,N,N,N,N,26.650963502,-80.068481673,592706.852126,2948115.252343,R,,ARBM15Q1R2,"March 1, 2022",2459345,-8913182.905473888,3079932.1320172804