Crash Id,Calendar Year,FDOT Crash Number,Reporting Agency Case Number,Reporting Agency Type,FDOT Managing District,County Name,Crash Date,Crash Time,Day,DHSMV City,Crash Report City Code,In Town,On Roadway Name,Int Roadway Name,Reference Distance (Miles),Reference Direction,Officer Latitude,Officer Longitude,FDOT Latitude,FDOT Longitude,FDOT Roadway,Nearest Inventory MP,Nearest Node From Crash,State Road #,US Highway,Crash Side of Road,Accident Lane Number,Travel Direction Vehicle 1,FDOT Road Category,DHSMV Road System Id,Relation to Junction,Crash Harmful Event Location,Intersection Type,Shoulder Type,FDOT Roadway SKID Test Result,FDOT Roadway SKID Test Date,Functional Class,RCI Surface Width,RCI Shoulder Type First,RCI Shoulder Width First,RCI Shoulder Type Second,RCI Shoulder Width Second,RCI Shoulder Type Third,RCI Shoulder Width Third,RCI Median Width,Avg Daily Traffic,AADT Source,RCI Avg Per Truck Traffic,RCI Horiz Curve Condition,Posted Speed Limit,Highest Injury in Crash,CAR Status Code,Alcohols/Drug Involved,Site Location,Lighting,Weather,Road Surface,Roadway Grade,Roadway Alignment,Traffic Way Vehicle 1,Traffic Way Vehicle 2,Traffic Control Vehicle 1,Traffic Control Vehicle 2,Count of Lanes,Road Condition 1,Road Condition 2,Road Condition 3,Environment Condition 1,Environment Condition 2,Environment Condition 3,Crash Harmful Event,Manner of Collision,Vehicle Movement,Driver Action Vehicle 1,Driver Action Vehicle 2,Location Within Workzone,Type of Workzone,Workers Present in Workzone,Law Enforcement Present in Workzone,School Bus Related,Count of Nonfatal Injuries,Count of Traffic Fatalities,Count of Serious Injuries,Count of Pedestrians,Count of Drivers,Count of Bicyclists,Count of Vehicles,Count of Persons,Wrong Way,Workzone Inv,Commercial Vehicle Inv,Intersection Inv,Lane Departure,Speeding,Agressive Driving,Impaired Driver,Impaired Pedestrian,Impaired Bicyclist,Distracted Driver,Speeding or Aggressive Driving,Pedestrian Related,Bicyclist Related,Pedestrian or Bicyclist Related,Motorcycle Inv,No Belt,No Belt - Ages 1-4,No Belt - Ages 5-12,No Belt - Ages 13-17,Driver - Ages Teen,Driver - Ages 65 plus,Driver - Ages 65-69,Driver - Ages 70-74,Driver - Ages 75-79,Driver - Ages 80 plus,ARBM Latitude,ARBM Longitude,UTM Zone 17N X,UTM Zone 17N Y,ARBM Side of Road,Urban Rural Indicator,GIS Street Source,Extract Date,OBJECTID,x,y
2019882236090,2019,882236090,FHPL19OFF082324,FLORIDA HIGHWAY PATROL,04 FOURTH,PALM BEACH,"December 12, 2019",2320,FRIDAY,9394 WEST PALM BEACH,0694,Y,I 95,PALM BEACH LAKES BLVD,1,N,26.7189599,-80.08946,26.7336672,-80.0908799,93220000,29.475,06142,SR 9,I 95,R RIGHT,4 THRU LANE 4,N NORTH,01 INTERSTATE URBAN,01 INTERSTATE,01 NON-JUNCTION,01 ON ROADWAY,01 NOT AT INTERSECTION,01 PAVED,35,"June 10, 2019",11 URBAN PRIN ART INT.,76,PAVED WARN,10,LAWN,12,,0,33,230000,RCI,7.3,,65,1 NO INJURY,31 Q/C COMPLETED - LOC VERIFIED,0 NO,01 NOT AT INTERSECTION/RRX/BRIDGE,04 DARK-LIGHTED,01 CLEAR,01 DRY,01 LEVEL,1 STRAIGHT,"TWO-WAY, DIVIDED, POSITIVE MED","TWO-WAY, DIVIDED, POSITIVE MED",NO CONTROLS,NO CONTROLS,11,NONE,NOT CODED,NOT CODED,NONE,NOT CODED,NOT CODED,14 MOTOR VEHICLE IN TRANSPORT,03 ANGLE,01 STRAIGHT AHEAD,OPERATED MV IN CARLESS OR NEGL,NO CONTRIBUTING ACTION,00 NOT CODED,00 NOT CODED,00 NOT CODED,00 NOT CODED,01 NO,0,0,0,0,2,0,2,3,N,N,N,N,N,N,N,N,N,N,N,N,N,N,N,N,N,N,N,N,N,N,N,N,N,N,26.73350452,-80.090907695,590409.682237,2957241.640094,R,,ARBM15Q1R2,"March 1, 2022",2599702,-8915679.359794647,3090216.5465477165
2019881616710,2019,881616710,FHPL19OFF044439,FLORIDA HIGHWAY PATROL,04 FOURTH,PALM BEACH,"July 6, 2019",0030,SUNDAY,9394 WEST PALM BEACH,0694,N,SR 9,SR 704,0.002,N,26.70616,-80.07837,26.706394,-80.0781113,93220062,0.175,01752,SR 9,I 95,L LEFT,X RAMP,S SOUTH,07 RAMP URBAN,01 INTERSTATE,14 ENTRANCE/EXIT RAMP,01 ON ROADWAY,01 NOT AT INTERSECTION,01 PAVED,0,"December 31, 2000",,23,CURB&GUTTER,2,CURB&GUTTER,2,,0,,17500,RCI,3.3,,,1 NO INJURY,31 Q/C COMPLETED - LOC VERIFIED,0 NO,08 EXIT RAMP,05 DARK-NOT LIGHTED,01 CLEAR,01 DRY,03 UPHILL,1 STRAIGHT,"TWO-WAY, DIVIDED, POSITIVE MED","TWO-WAY, DIVIDED, POSITIVE MED",TRAFFIC CONTROL SIGNAL,TRAFFIC CONTROL SIGNAL,2,NONE,NOT CODED,NOT CODED,NONE,NOT CODED,NOT CODED,14 MOTOR VEHICLE IN TRANSPORT,01 FRONT TO REAR,01 STRAIGHT AHEAD,OPERATED MV IN CARLESS OR NEGL,NO CONTRIBUTING ACTION,00 NOT CODED,00 NOT CODED,00 NOT CODED,00 NOT CODED,01 NO,0,0,0,0,2,0,2,3,N,N,N,N,N,N,N,N,N,N,Y,N,N,N,N,N,N,N,N,N,N,N,N,N,N,N,26.706394122,-80.078113757,591703.837127,2954247.946582,O,,ARBM15Q1R2,"March 1, 2022",2599915,-8914255.144626446,3086837.8337943885
2019881212690,2019,881212690,FHPL19OFF050809,FLORIDA HIGHWAY PATROL,04 FOURTH,PALM BEACH,"August 1, 2019",1815,FRIDAY,9394 WEST PALM BEACH,0694,Y,SR 9,SR 704,0.004,S,26.70595,-80.07438,26.7056619,-80.0727762,93220061,0.172,01757,SR 9,I 95,R RIGHT,X RAMP,N NORTH,07 RAMP URBAN,01 INTERSTATE,14 ENTRANCE/EXIT RAMP,01 ON ROADWAY,01 NOT AT INTERSECTION,01 PAVED,0,"December 31, 2000",,12,CURB&GUTTER,6,CURB&GUTTER,2,,0,,13000,RCI,3.3,,,2 POSSIBLE INJURY,31 Q/C COMPLETED - LOC VERIFIED,0 NO,08 EXIT RAMP,01 DAYLIGHT,01 CLEAR,01 DRY,01 LEVEL,2 CURVE RIGHT,ONE-WAY TRAFFICWAY,ONE-WAY TRAFFICWAY,NO CONTROLS,NO CONTROLS,1,NONE,NOT CODED,NOT CODED,NONE,NOT CODED,NOT CODED,14 MOTOR VEHICLE IN TRANSPORT,01 FRONT TO REAR,88 UNKNOWN,OTHER CONTRIBUTING ACTION,NO CONTRIBUTING ACTION,00 NOT CODED,00 NOT CODED,00 NOT CODED,00 NOT CODED,01 NO,1,0,0,0,2,0,2,4,N,N,N,N,N,N,N,N,N,N,N,N,N,N,N,N,N,N,N,N,N,N,N,N,N,N,26.705673182,-80.07278301,592234.717143,2954171.938914,O,,ARBM15Q1R2,"March 1, 2022",2599927,-8913661.728381455,3086747.995427901
2019881289760,2019,881289760,FHPL19OFF050873,FLORIDA HIGHWAY PATROL,04 FOURTH,PALM BEACH,"August 2, 2019",0000,SATURDAY,9394 WEST PALM BEACH,0694,N,I 95,PALM BEACH LAKES BLVD,0.5,N,26.7273932,-80.0915099,26.4784315,-80.0863313,93220000,11.124,02233,SR 9,I 95,L LEFT,4 THRU LANE 4,S SOUTH,01 INTERSTATE URBAN,01 INTERSTATE,01 NON-JUNCTION,01 ON ROADWAY,01 NOT AT INTERSECTION,01 PAVED,39,"June 10, 2019",11 URBAN PRIN ART INT.,62,PAVED WARN,10,LAWN,12,,0,33,198560,RCI,5.9,,65,1 NO INJURY,31 Q/C COMPLETED - LOC VERIFIED,0 NO,01 NOT AT INTERSECTION/RRX/BRIDGE,04 DARK-LIGHTED,01 CLEAR,01 DRY,01 LEVEL,1 STRAIGHT,"TWO-WAY, DIVIDED, POSITIVE MED","TWO-WAY, DIVIDED, POSITIVE MED",NO CONTROLS,NO CONTROLS,10,NONE,NOT CODED,NOT CODED,NONE,NOT CODED,NOT CODED,14 MOTOR VEHICLE IN TRANSPORT,01 FRONT TO REAR,01 STRAIGHT AHEAD,OPERATED MV IN CARLESS OR NEGL,NO CONTRIBUTING ACTION,00 NOT CODED,00 NOT CODED,00 NOT CODED,00 NOT CODED,01 NO,0,0,0,0,2,0,2,2,N,N,N,N,N,N,N,N,N,N,N,N,N,N,N,N,N,N,N,N,N,N,N,N,N,N,26.478054623,-80.086793374,591020.854937,2928950.549381,L,,ARBM15Q1R2,"March 1, 2022",2599973,-8915221.354725285,3058412.153476968
2019890868430,2019,890868430,20190010675,COUNTY SHERIFF'S OFFICE,04 FOURTH,PALM BEACH,"June 18, 2019",0431,WEDNESDAY,9394 WEST PALM BEACH,0694,Y,BROADWAY,24TH ST,0.009,S,0,0,26.7363357,-80.0568224,93020002,0,00749,SR 5,US 1,L LEFT,S SIDE OF ROAD,S SOUTH,11 URBAN 2-3LN 2WY DIVD PAVD,05 LOCAL,01 NON-JUNCTION,03 SHOULDER,01 NOT AT INTERSECTION,01 PAVED,53,"June 9, 2019",17 URBAN MAJOR COLLECTOR,22,CURB&GUTTER,2,,0,,0,14,16200,RCI,2.4,,30,1 NO INJURY,31 Q/C COMPLETED - LOC VERIFIED,0 NO,03 INFLUENCED BY INTERSECTION,04 DARK-LIGHTED,01 CLEAR,01 DRY,01 LEVEL,1 STRAIGHT,"TWO-WAY, DIVIDED, POSITIVE MED",,NO CONTROLS,NOT CODED,3,NONE,NOT CODED,NOT CODED,ALL OTHER (SEE NARRTIVE),NOT CODED,NOT CODED,14 MOTOR VEHICLE IN TRANSPORT,77 OTHER (SEE NARRATIVE),77 OTHER (SEE NARRATIVE),NO CONTRIBUTING ACTION,NOT CODED,00 NOT CODED,00 NOT CODED,00 NOT CODED,00 NOT CODED,01 NO,0,0,0,0,1,0,1,1,N,N,N,Y,N,N,N,N,N,N,N,N,N,N,N,N,N,N,N,N,N,N,N,N,N,N,26.736335067,-80.056807333,593798.8385,2957579.8257,C,,ARBM15Q1R2,"March 1, 2022",2600052,-8911883.32375499,3090569.3582772715
2019890860100,2019,890860100,20190007781,COUNTY SHERIFF'S OFFICE,04 FOURTH,PALM BEACH,"May 3, 2019",0929,SATURDAY,9394 WEST PALM BEACH,0694,Y,15TH ST,N TAMARIND AVE,0,E,0,0,26.727377,-80.06159,93000200,0.309,,,,I INTERSECTION,M MIDDLE,E EAST,,05 LOCAL,02 INTERSECTION,01 ON ROADWAY,02 FOUR-WAY INTERSECTION,03 CURB,0,"December 31, 2000",,,,0,,0,,0,,,RCI,0,,,1 NO INJURY,33 Q/C VERIFIED AS OFF-SYSTEM,0 NO,02 AT INTERSECTION,01 DAYLIGHT,02 CLOUDY,01 DRY,01 LEVEL,1 STRAIGHT,"TWO-WAY, NOT DIVIDED","TWO-WAY, NOT DIVIDED",TRAFFIC CONTROL SIGNAL,TRAFFIC CONTROL SIGNAL,,NONE,NOT CODED,NOT CODED,NONE,NOT CODED,NOT CODED,14 MOTOR VEHICLE IN TRANSPORT,03 ANGLE,03 TURNING LEFT,FAILED TO YIELD RIGHT-OF-WAY,NO CONTRIBUTING ACTION,00 NOT CODED,00 NOT CODED,00 NOT CODED,00 NOT CODED,01 NO,0,0,0,0,2,0,2,10,N,N,N,Y,N,N,N,N,N,N,N,N,N,N,N,N,N,N,N,N,N,N,N,N,N,N,26.727375069,-80.061587332,593330.7628,2956583.8693,C,U,ARBM15Q1R2,"March 1, 2022",2600053,-8912415.430916177,3089452.575465702
2019882324890,2019,882324890,FHPL19OFF085788,FLORIDA HIGHWAY PATROL,04 FOURTH,PALM BEACH,"December 27, 2019",0356,SATURDAY,9394 WEST PALM BEACH,0694,N,I 95,45TH ST,0.038,N,26.7589399,-80.0913,26.4717175,-80.0887632,93220000,10.638,05030,SR 9,I 95,R RIGHT,4 THRU LANE 4,N NORTH,01 INTERSTATE URBAN,01 INTERSTATE,01 NON-JUNCTION,01 ON ROADWAY,01 NOT AT INTERSECTION,01 PAVED,39,"June 10, 2019",11 URBAN PRIN ART INT.,62,PAVED WARN,9,VALLEY GUTR,3,,0,33,198560,RCI,5.9,,65,4 INCAPACITATING INJURY,31 Q/C COMPLETED - LOC VERIFIED,0 NO,01 NOT AT INTERSECTION/RRX/BRIDGE,04 DARK-LIGHTED,02 CLOUDY,02 WET,01 LEVEL,1 STRAIGHT,"TWO-WAY, DIVIDED, POSITIVE MED","TWO-WAY, DIVIDED, POSITIVE MED",NO CONTROLS,NO CONTROLS,10,"RD SURFC (WET, ICY, SNOW, ETC)",NOT CODED,NOT CODED,WEATHER CONDITIONS,NOT CODED,NOT CODED,14 MOTOR VEHICLE IN TRANSPORT,03 ANGLE,01 STRAIGHT AHEAD,OPERATED MV IN CARLESS OR NEGL,NO CONTRIBUTING ACTION,00 NOT CODED,00 NOT CODED,00 NOT CODED,00 NOT CODED,01 NO,2,0,1,0,2,0,2,3,N,N,N,N,Y,N,N,N,N,N,N,N,N,N,N,N,N,N,N,N,N,Y,Y,N,N,N,26.471352017,-80.088892313,590816.902654,2928206.687001,R,,ARBM15Q1R2,"March 1, 2022",2600308,-8915455.00747511,3057578.6099010785
2019881559570,2019,881559570,FHPL19OFF042053,FLORIDA HIGHWAY PATROL,04 FOURTH,PALM BEACH,"June 25, 2019",2030,WEDNESDAY,9394 WEST PALM BEACH,0694,N,I 95,BELVEDERE RD,0.525,N,26.6978148,-80.0695899,26.6976309,-80.0701598,93220000,26.54,04933,SR 9,I 95,R RIGHT,3 THRU LANE 3,N NORTH,01 INTERSTATE URBAN,01 INTERSTATE,01 NON-JUNCTION,01 ON ROADWAY,01 NOT AT INTERSECTION,01 PAVED,35,"June 10, 2019",11 URBAN PRIN ART INT.,64,PAVED WARN,10,,0,,0,33,246000,RCI,7.3,,65,1 NO INJURY,31 Q/C COMPLETED - LOC VERIFIED,0 NO,01 NOT AT INTERSECTION/RRX/BRIDGE,04 DARK-LIGHTED,01 CLEAR,01 DRY,04 DOWNHILL,3 CURVE LEFT,"TWO-WAY, DIVIDED, POSITIVE MED","TWO-WAY, DIVIDED, POSITIVE MED",NO CONTROLS,NO CONTROLS,10,NONE,NOT CODED,NOT CODED,NONE,NOT CODED,NOT CODED,14 MOTOR VEHICLE IN TRANSPORT,77 OTHER (SEE NARRATIVE),01 STRAIGHT AHEAD,OPERATED MV IN CARLESS OR NEGL,NO CONTRIBUTING ACTION,00 NOT CODED,00 NOT CODED,00 NOT CODED,00 NOT CODED,01 NO,0,0,0,0,2,0,2,2,N,N,Y,N,Y,N,N,N,N,N,N,N,N,N,N,N,N,N,N,N,Y,N,N,N,N,N,26.697702368,-80.070133972,592504.682487,2953290.984836,R,,ARBM15Q1R2,"March 1, 2022",2600326,-8913366.838623883,3085754.7686405
2019881169040,2019,881169040,FHPL19OFF040460,FLORIDA HIGHWAY PATROL,04 FOURTH,PALM BEACH,"June 19, 2019",0815,THURSDAY,9394 WEST PALM BEACH,0694,N,I 95,BELVEDERE RD,0.1,N,26.69076,-80.0669999,26.6924096,-80.0670054,93220000,26.115,06149,SR 9,I 95,R RIGHT,3 THRU LANE 3,N NORTH,01 INTERSTATE URBAN,01 INTERSTATE,01 NON-JUNCTION,01 ON ROADWAY,01 NOT AT INTERSECTION,01 PAVED,35,"June 10, 2019",11 URBAN PRIN ART INT.,64,PAVED WARN,18,,0,,0,56,210000,RCI,7.3,,65,2 POSSIBLE INJURY,31 Q/C COMPLETED - LOC VERIFIED,0 NO,01 NOT AT INTERSECTION/RRX/BRIDGE,01 DAYLIGHT,01 CLEAR,01 DRY,01 LEVEL,1 STRAIGHT,"TWO-WAY, DIVIDED, POSITIVE MED","TWO-WAY, DIVIDED, POSITIVE MED",NO CONTROLS,NO CONTROLS,10,NONE,NOT CODED,NOT CODED,NONE,NOT CODED,NOT CODED,14 MOTOR VEHICLE IN TRANSPORT,01 FRONT TO REAR,06 CHANGING LANES,FAILED TO KEEP IN PROPER LANE,NO CONTRIBUTING ACTION,00 NOT CODED,00 NOT CODED,00 NOT CODED,00 NOT CODED,01 NO,1,0,0,0,2,0,2,2,N,N,N,N,Y,N,N,N,N,N,N,N,N,N,N,N,N,N,N,N,Y,N,N,N,N,N,26.692213916,-80.066982215,592822.688937,2952685.356493,R,,ARBM15Q1R2,"March 1, 2022",2600372,-8913015.98664104,3085070.9043597886
2019881168750,2019,881168750,FHPL19OFF030671,FLORIDA HIGHWAY PATROL,04 FOURTH,PALM BEACH,"May 9, 2019",1145,FRIDAY,9394 WEST PALM BEACH,0694,N,I 95,PALM BEACH LAKES BLVD,0.3,S,26.7189599,-80.08946,26.4668454,-80.0889741,93220000,10.3,04940,SR 9,I 95,R RIGHT,3 THRU LANE 3,N NORTH,01 INTERSTATE URBAN,01 INTERSTATE,01 NON-JUNCTION,01 ON ROADWAY,01 NOT AT INTERSECTION,01 PAVED,39,"June 10, 2019",11 URBAN PRIN ART INT.,62,PAVED WARN,8,VALLEY GUTR,3,,0,33,198560,RCI,5.9,1D3000,65,2 POSSIBLE INJURY,31 Q/C COMPLETED - LOC VERIFIED,0 NO,01 NOT AT INTERSECTION/RRX/BRIDGE,01 DAYLIGHT,01 CLEAR,01 DRY,01 LEVEL,1 STRAIGHT,"TWO-WAY, DIVIDED, POSITIVE MED","TWO-WAY, DIVIDED, POSITIVE MED",NO CONTROLS,NO CONTROLS,10,NONE,NOT CODED,NOT CODED,NONE,NOT CODED,NOT CODED,14 MOTOR VEHICLE IN TRANSPORT,01 FRONT TO REAR,01 STRAIGHT AHEAD,OPERATED MV IN CARLESS OR NEGL,NO CONTRIBUTING ACTION,00 NOT CODED,00 NOT CODED,00 NOT CODED,00 NOT CODED,01 NO,1,0,0,0,2,0,2,2,N,N,Y,N,N,N,N,N,N,N,N,N,N,N,N,N,N,N,N,N,N,N,N,N,N,N,26.466471407,-80.088941061,590815.874851,2927666.079149,R,,ARBM15Q1R2,"March 1, 2022",2600423,-8915460.434048453,3056971.6823467175
2019881289770,2019,881289770,FHPL19OFF051159,FLORIDA HIGHWAY PATROL,04 FOURTH,PALM BEACH,"August 3, 2019",0100,SUNDAY,9394 WEST PALM BEACH,0694,N,I 95,SOUTHERN BLVD,0.189,N,26.6809437,-80.0694927,26.6792339,-80.069473,93220000,25.171,04919,SR 9,I 95,M MEDIAN,M MIDDLE,N NORTH,01 INTERSTATE URBAN,01 INTERSTATE,01 NON-JUNCTION,01 ON ROADWAY,01 NOT AT INTERSECTION,01 PAVED,35,"June 10, 2019",11 URBAN PRIN ART INT.,64,PAVED WARN,8,LAWN,3,,0,33,210000,RCI,7.3,,65,2 POSSIBLE INJURY,31 Q/C COMPLETED - LOC VERIFIED,0 NO,01 NOT AT INTERSECTION/RRX/BRIDGE,04 DARK-LIGHTED,02 CLOUDY,02 WET,01 LEVEL,1 STRAIGHT,"TWO-WAY, DIVIDED, POSITIVE MED",,NO CONTROLS,NOT CODED,10,"RD SURFC (WET, ICY, SNOW, ETC)",NOT CODED,NOT CODED,NONE,NOT CODED,NOT CODED,30 CONCRETE TRAFFIC BARRIER,77 OTHER (SEE NARRATIVE),01 STRAIGHT AHEAD,FAILED TO KEEP IN PROPER LANE,NOT CODED,00 NOT CODED,00 NOT CODED,00 NOT CODED,00 NOT CODED,01 NO,1,0,0,0,1,0,1,2,N,N,N,N,Y,N,N,N,N,N,N,N,N,N,N,N,N,N,N,N,N,N,N,N,N,N,26.679006164,-80.069508945,592581.970724,2951220.589102,R,,ARBM15Q1R2,"March 1, 2022",2600433,-8913297.260942036,3083425.345770895
2019881678840,2019,881678840,FHPL19OFF072709,FLORIDA HIGHWAY PATROL,04 FOURTH,PALM BEACH,"November 2, 2019",0630,SUNDAY,9394 WEST PALM BEACH,0694,N,I 95,BELVEDERE RD,0.3,S,26.6857898,-80.0689013,26.6862217,-80.0686911,93220157,0.3,04915,SR 9,I 95,L LEFT,X RAMP,S SOUTH,07 RAMP URBAN,01 INTERSTATE,01 NON-JUNCTION,04 MEDIAN,01 NOT AT INTERSECTION,01 PAVED,0,"December 31, 2000",,15,PAVED,5,LAWN,12,,0,,12000,RCI,3.3,,,3 NO-INCAPACITATING INJURY,31 Q/C COMPLETED - LOC VERIFIED,0 NO,07 ENTRANCE RAMP,03 DAWN,02 CLOUDY,02 WET,01 LEVEL,1 STRAIGHT,ONE-WAY TRAFFICWAY,,NO CONTROLS,NOT CODED,1,"RD SURFC (WET, ICY, SNOW, ETC)",NOT CODED,NOT CODED,NONE,NOT CODED,NOT CODED,30 CONCRETE TRAFFIC BARRIER,77 OTHER (SEE NARRATIVE),01 STRAIGHT AHEAD,FAILED TO KEEP IN PROPER LANE,NOT CODED,00 NOT CODED,00 NOT CODED,00 NOT CODED,00 NOT CODED,01 NO,1,0,0,0,1,0,1,1,N,N,N,N,Y,N,N,N,N,N,N,N,N,N,N,N,N,N,N,N,Y,N,N,N,N,N,26.686205451,-80.068703627,592656.281663,2952018.588419,O,,ARBM15Q1R2,"March 1, 2022",2600452,-8913207.613316188,3084322.2838428523
2019890860110,2019,890860110,20190007784,COUNTY SHERIFF'S OFFICE,04 FOURTH,PALM BEACH,"May 3, 2019",1112,SATURDAY,9394 WEST PALM BEACH,0694,Y,US 1,EDGEWOOD DR,0.006,N,0,0,26.68071,-80.0546025,93050000,6.181,02171,SR 805,US 1,R RIGHT,P PARKING,N NORTH,22 URBAN 4-5LN 2WY UNDIVD,02 U.S.,01 NON-JUNCTION,01 ON ROADWAY,01 NOT AT INTERSECTION,03 CURB,41,"May 1, 2017",16 URBAN MINOR ART,44,PAVED WARN,9,RAISED CURB,2,,0,,18700,RCI,5.4,,35,1 NO INJURY,31 Q/C COMPLETED - LOC VERIFIED,0 NO,03 INFLUENCED BY INTERSECTION,01 DAYLIGHT,02 CLOUDY,01 DRY,01 LEVEL,1 STRAIGHT,"TWO-WAY, NOT DIVIDED","TWO-WAY, NOT DIVIDED",NO CONTROLS,NO CONTROLS,4,NONE,NOT CODED,NOT CODED,NONE,NOT CODED,NOT CODED,15 PARKED MOTOR VEHICLE,03 ANGLE,01 STRAIGHT AHEAD,SWERVED OR AVOIDED:  DUE TO WI,NOT CODED,00 NOT CODED,00 NOT CODED,00 NOT CODED,00 NOT CODED,01 NO,0,0,0,0,1,0,2,2,N,N,N,Y,N,N,N,N,N,N,N,N,N,N,N,N,N,N,N,N,Y,N,N,N,N,N,26.680694279,-80.05459528,594064.544962,2951418.478481,C,,ARBM15Q1R2,"March 1, 2022",2600595,-8911637.078834891,3083635.658089108
2019890853990,2019,890853990,20190005717,COUNTY SHERIFF'S OFFICE,04 FOURTH,PALM BEACH,"March 31, 2019",1549,MONDAY,9394 WEST PALM BEACH,0694,Y,FOREST HILL BLVD,GARDEN AVE,0,,0,0,26.6551886,-80.060597,93016000,8.945,02427,SR 882,,R RIGHT,1 THRU LANE 1,S SOUTH,11 URBAN 2-3LN 2WY DIVD PAVD,04 COUNTY,02 INTERSECTION,01 ON ROADWAY,02 FOUR-WAY INTERSECTION,03 CURB,39,"May 8, 2018",16 URBAN MINOR ART,18,PAVED,2,RAISED CURB,0,,0,11,18800,RCI,2.7,,35,1 NO INJURY,31 Q/C COMPLETED - LOC VERIFIED,0 NO,02 AT INTERSECTION,01 DAYLIGHT,01 CLEAR,01 DRY,01 LEVEL,1 STRAIGHT,"TWO-WAY, NOT DIVIDED","TWO-WAY, NOT DIVIDED",STOP SIGN,NO CONTROLS,2,NONE,NOT CODED,NOT CODED,NONE,NOT CODED,NOT CODED,14 MOTOR VEHICLE IN TRANSPORT,03 ANGLE,01 STRAIGHT AHEAD,FAILED TO YIELD RIGHT-OF-WAY,NO CONTRIBUTING ACTION,00 NOT CODED,00 NOT CODED,00 NOT CODED,00 NOT CODED,01 NO,0,0,0,0,2,0,2,2,N,N,N,Y,N,N,N,N,N,N,N,N,N,N,N,N,N,N,N,N,N,N,N,N,N,N,26.655209616,-80.060589474,593488.88478,2948591.316503,C,,ARBM15Q1R2,"March 1, 2022",2600596,-8912304.349544553,3080461.006067846
2019890862240,2019,890862240,20190008450,COUNTY SHERIFF'S OFFICE,04 FOURTH,PALM BEACH,"May 13, 2019",1556,TUESDAY,9394 WEST PALM BEACH,0694,Y,OKEECHOBEE BLVD,WABASSO DR,0.028,W,0,0,26.7066911,-80.1006423,93280000,6.186,03983,SR 704,,R RIGHT,L LEFT TURN,E EAST,30 URBAN 6+LN 2WY DIVD RASD,03 STATE,01 NON-JUNCTION,01 ON ROADWAY,01 NOT AT INTERSECTION,03 CURB,34,"May 2, 2017",14 URBAN PRIN ART OTHER,33,PAVED,3,CURB&GUTTER,2,,0,30,65500,RCI,2.3,,45,1 NO INJURY,31 Q/C COMPLETED - LOC VERIFIED,0 NO,03 INFLUENCED BY INTERSECTION,01 DAYLIGHT,01 CLEAR,01 DRY,01 LEVEL,1 STRAIGHT,"TWO-WAY, DIVIDED, POSITIVE MED","TWO-WAY, DIVIDED, POSITIVE MED",NO CONTROLS,NO CONTROLS,7,NONE,NOT CODED,NOT CODED,NONE,NOT CODED,NOT CODED,14 MOTOR VEHICLE IN TRANSPORT,01 FRONT TO REAR,77 OTHER (SEE NARRATIVE),FOLLOWED TOO CLOSELY,OTHER CONTRIBUTING ACTION,00 NOT CODED,00 NOT CODED,00 NOT CODED,00 NOT CODED,01 NO,0,0,0,0,2,0,2,3,N,N,N,Y,N,N,N,N,N,N,N,N,N,N,N,N,N,N,N,N,Y,N,N,N,N,N,26.70664895,-80.100733659,589453.430537,2954260.098682,R,,ARBM15Q1R2,"March 1, 2022",2600635,-8916773.181311892,3086869.58857837
2019890854080,2019,890854080,20190005756,COUNTY SHERIFF'S OFFICE,04 FOURTH,PALM BEACH,"April 1, 2019",0825,TUESDAY,9394 WEST PALM BEACH,0694,Y,SR 5,EVERNIA ST,0.028,S,0,0,26.711054,-80.0549724,93020100,0.378,02392,SR 5,US 1,R RIGHT,2 THRU LANE 2,N NORTH,20 URBAN 4-5LN 2WY DIVD RASD,05 LOCAL,01 NON-JUNCTION,01 ON ROADWAY,01 NOT AT INTERSECTION,03 CURB,44,"June 10, 2019",17 URBAN MAJOR COLLECTOR,22,CURB&GUTTER,2,,0,,0,16,13200,RCI,5.2,,30,1 NO INJURY,31 Q/C COMPLETED - LOC VERIFIED,0 NO,01 NOT AT INTERSECTION/RRX/BRIDGE,01 DAYLIGHT,01 CLEAR,01 DRY,01 LEVEL,1 STRAIGHT,ONE-WAY TRAFFICWAY,"TWO-WAY, NOT DIVIDED",NO CONTROLS,NO CONTROLS,4,NONE,NOT CODED,NOT CODED,NONE,NOT CODED,NOT CODED,14 MOTOR VEHICLE IN TRANSPORT,"04 SIDESWIPE, SAME DIRECTION",11 OVERTAKING/PASSING,OPERATED MV IN CARLESS OR NEGL,NO CONTRIBUTING ACTION,00 NOT CODED,00 NOT CODED,00 NOT CODED,00 NOT CODED,01 NO,0,0,0,0,2,0,2,2,N,N,N,N,Y,N,N,N,N,N,N,N,N,N,N,N,N,N,N,N,N,N,N,N,N,N,26.711036174,-80.054971853,594002.169788,2954778.974849,R,,ARBM15Q1R2,"March 1, 2022",2600636,-8911678.998873645,3087416.305992071