Crash Id,Calendar Year,FDOT Crash Number,Reporting Agency Case Number,Reporting Agency Type,FDOT Managing District,County Name,Crash Date,Crash Time,Day,DHSMV City,Crash Report City Code,In Town,On Roadway Name,Int Roadway Name,Reference Distance (Miles),Reference Direction,Officer Latitude,Officer Longitude,FDOT Latitude,FDOT Longitude,FDOT Roadway,Nearest Inventory MP,Nearest Node From Crash,State Road #,US Highway,Crash Side of Road,Accident Lane Number,Travel Direction Vehicle 1,FDOT Road Category,DHSMV Road System Id,Relation to Junction,Crash Harmful Event Location,Intersection Type,Shoulder Type,FDOT Roadway SKID Test Result,FDOT Roadway SKID Test Date,Functional Class,RCI Surface Width,RCI Shoulder Type First,RCI Shoulder Width First,RCI Shoulder Type Second,RCI Shoulder Width Second,RCI Shoulder Type Third,RCI Shoulder Width Third,RCI Median Width,Avg Daily Traffic,AADT Source,RCI Avg Per Truck Traffic,RCI Horiz Curve Condition,Posted Speed Limit,Highest Injury in Crash,CAR Status Code,Alcohols/Drug Involved,Site Location,Lighting,Weather,Road Surface,Roadway Grade,Roadway Alignment,Traffic Way Vehicle 1,Traffic Way Vehicle 2,Traffic Control Vehicle 1,Traffic Control Vehicle 2,Count of Lanes,Road Condition 1,Road Condition 2,Road Condition 3,Environment Condition 1,Environment Condition 2,Environment Condition 3,Crash Harmful Event,Manner of Collision,Vehicle Movement,Driver Action Vehicle 1,Driver Action Vehicle 2,Location Within Workzone,Type of Workzone,Workers Present in Workzone,Law Enforcement Present in Workzone,School Bus Related,Count of Nonfatal Injuries,Count of Traffic Fatalities,Count of Serious Injuries,Count of Pedestrians,Count of Drivers,Count of Bicyclists,Count of Vehicles,Count of Persons,Wrong Way,Workzone Inv,Commercial Vehicle Inv,Intersection Inv,Lane Departure,Speeding,Agressive Driving,Impaired Driver,Impaired Pedestrian,Impaired Bicyclist,Distracted Driver,Speeding or Aggressive Driving,Pedestrian Related,Bicyclist Related,Pedestrian or Bicyclist Related,Motorcycle Inv,No Belt,No Belt - Ages 1-4,No Belt - Ages 5-12,No Belt - Ages 13-17,Driver - Ages Teen,Driver - Ages 65 plus,Driver - Ages 65-69,Driver - Ages 70-74,Driver - Ages 75-79,Driver - Ages 80 plus,ARBM Latitude,ARBM Longitude,UTM Zone 17N X,UTM Zone 17N Y,ARBM Side of Road,Urban Rural Indicator,GIS Street Source,Extract Date,OBJECTID,x,y
2019890862150,2019,890862150,20190008416,COUNTY SHERIFF'S OFFICE,04 FOURTH,PALM BEACH,"May 13, 2019",0815,TUESDAY,9394 WEST PALM BEACH,0694,Y,N AUSTRALIAN AVE,7TH ST,0.028,N,0,0,26.720473,-80.066695,93025500,0.937,,,,R RIGHT,2 THRU LANE 2,N NORTH,,05 LOCAL,01 NON-JUNCTION,01 ON ROADWAY,01 NOT AT INTERSECTION,03 CURB,0,"December 31, 2000",,,,0,,0,,0,,,RCI,0,,,1 NO INJURY,33 Q/C VERIFIED AS OFF-SYSTEM,0 NO,01 NOT AT INTERSECTION/RRX/BRIDGE,01 DAYLIGHT,01 CLEAR,01 DRY,01 LEVEL,1 STRAIGHT,"TWO-WAY, DIVIDED, POSITIVE MED","TWO-WAY, DIVIDED, POSITIVE MED",NO CONTROLS,NO CONTROLS,,NONE,NOT CODED,NOT CODED,NONE,NOT CODED,NOT CODED,14 MOTOR VEHICLE IN TRANSPORT,01 FRONT TO REAR,01 STRAIGHT AHEAD,OPERATED MV IN CARLESS OR NEGL,NO CONTRIBUTING ACTION,00 NOT CODED,00 NOT CODED,00 NOT CODED,00 NOT CODED,01 NO,0,0,0,0,2,0,2,2,N,N,N,N,N,N,N,N,N,N,N,N,N,N,N,N,N,N,N,N,N,Y,N,Y,N,N,26.720472984,-80.066694405,592828.407417,2955815.637085,R,U,ARBM15Q1R2,"March 1, 2022",2626485,-8912983.947772702,3088592.3528333767
2019892555260,2019,892555260,20190017745,COUNTY SHERIFF'S OFFICE,04 FOURTH,PALM BEACH,"October 15, 2019",0749,WEDNESDAY,9394 WEST PALM BEACH,0694,Y,MILITARY TRL N,CUMBERLAND DR,0.006,N,0,0,26.7489408,-80.1092307,93150000,4.91,03406,SR 809,,L LEFT,3 THRU LANE 3,S SOUTH,30 URBAN 6+LN 2WY DIVD RASD,03 STATE,01 NON-JUNCTION,01 ON ROADWAY,01 NOT AT INTERSECTION,03 CURB,37,"May 2, 2017",14 URBAN PRIN ART OTHER,36,PAVED,4,CURB&GUTTER,2,,0,22,38500,RCI,4.1,,45,1 NO INJURY,31 Q/C COMPLETED - LOC VERIFIED,0 NO,01 NOT AT INTERSECTION/RRX/BRIDGE,01 DAYLIGHT,01 CLEAR,01 DRY,01 LEVEL,1 STRAIGHT,"TWO-WAY, DIVIDED, POSITIVE MED","TWO-WAY, DIVIDED, POSITIVE MED",NO CONTROLS,NO CONTROLS,6,NONE,NOT CODED,NOT CODED,NONE,NOT CODED,NOT CODED,14 MOTOR VEHICLE IN TRANSPORT,01 FRONT TO REAR,01 STRAIGHT AHEAD,OPERATED MV IN CARLESS OR NEGL,NO CONTRIBUTING ACTION,00 NOT CODED,00 NOT CODED,00 NOT CODED,00 NOT CODED,01 NO,0,0,0,0,3,0,3,3,N,N,N,N,N,N,N,N,N,N,N,N,N,N,N,N,N,N,N,N,N,N,N,N,N,N,26.748988834,-80.109383491,588560.168646,2958943.748626,L,,ARBM15Q1R2,"March 1, 2022",2626540,-8917736.076656537,3092146.68574417
2019880043790,2019,880043790,FHPL19OFF00005,FLORIDA HIGHWAY PATROL,04 FOURTH,PALM BEACH,"January 23, 2019",0739,THURSDAY,9394 WEST PALM BEACH,0694,N,I 95,PALM BEACH LAKES BLVD,0.284,N,26.7151949,-80.0850187,26.7232802,-80.091224,93220000,28.759,01221,SR 9,I 95,R RIGHT,2 THRU LANE 2,N NORTH,01 INTERSTATE URBAN,01 INTERSTATE,01 NON-JUNCTION,01 ON ROADWAY,01 NOT AT INTERSECTION,01 PAVED,35,"June 10, 2019",11 URBAN PRIN ART INT.,76,PAVED WARN,10,LAWN,12,,0,33,230000,RCI,7.3,1D3000,65,1 NO INJURY,31 Q/C COMPLETED - LOC VERIFIED,0 NO,01 NOT AT INTERSECTION/RRX/BRIDGE,01 DAYLIGHT,02 CLOUDY,02 WET,01 LEVEL,1 STRAIGHT,"TWO-WAY, DIVIDED, POSITIVE MED","TWO-WAY, DIVIDED, POSITIVE MED",NO CONTROLS,NO CONTROLS,11,NONE,NOT CODED,NOT CODED,NONE,NOT CODED,NOT CODED,14 MOTOR VEHICLE IN TRANSPORT,01 FRONT TO REAR,01 STRAIGHT AHEAD,OPERATED MV IN CARLESS OR NEGL,NO CONTRIBUTING ACTION,00 NOT CODED,00 NOT CODED,00 NOT CODED,00 NOT CODED,01 NO,0,0,0,0,2,0,2,2,N,N,N,N,N,N,N,N,N,N,N,N,N,N,N,N,N,N,N,N,N,N,N,N,N,N,26.723109988,-80.091242213,590384.626417,2956090.070075,R,,ARBM15Q1R2,"March 1, 2022",2626838,-8915716.598089477,3088921.002452998
2019890866080,2019,890866080,20190009784,COUNTY SHERIFF'S OFFICE,04 FOURTH,PALM BEACH,"June 4, 2019",0455,WEDNESDAY,9394 WEST PALM BEACH,0694,Y,LAKEVIEW AVE,CHASE AVE,0.014,E,0,0,26.706186,-80.050329,93280001,0.097,,,,R RIGHT,3 THRU LANE 3,0,,05 LOCAL,01 NON-JUNCTION,01 ON ROADWAY,01 NOT AT INTERSECTION,03 CURB,0,"December 31, 2000",,,,0,,0,,0,,,RCI,0,,,1 NO INJURY,33 Q/C VERIFIED AS OFF-SYSTEM,0 NO,01 NOT AT INTERSECTION/RRX/BRIDGE,01 DAYLIGHT,01 CLEAR,01 DRY,00 NOT CODED,0 NOT CODED,NOT CODED,ONE-WAY TRAFFICWAY,NOT CODED,NO CONTROLS,,NONE,NOT CODED,NOT CODED,NONE,NOT CODED,NOT CODED,14 MOTOR VEHICLE IN TRANSPORT,03 ANGLE,00 NOT CODED,NOT CODED,NO CONTRIBUTING ACTION,00 NOT CODED,00 NOT CODED,00 NOT CODED,00 NOT CODED,01 NO,0,0,0,0,2,0,2,2,N,N,N,N,N,N,N,N,N,N,N,N,N,N,N,N,N,N,N,N,N,N,N,N,N,N,26.706183665,-80.050329145,594468.010818,2954244.92541,O,U,ARBM15Q1R2,"March 1, 2022",2627107,-8911162.174798049,3086811.608150003
2019890868310,2019,890868310,20190010602,COUNTY SHERIFF'S OFFICE,04 FOURTH,PALM BEACH,"June 16, 2019",2355,MONDAY,9394 WEST PALM BEACH,0694,Y,FOREST HILL BLVD,DIXIE HWY,0,,0,0,26.655061,-80.0561922,93016000,9.218,00098,SR 882,,I INTERSECTION,M MIDDLE,E EAST,11 URBAN 2-3LN 2WY DIVD PAVD,03 STATE,03 INTERSECTION-RELATED,01 ON ROADWAY,02 FOUR-WAY INTERSECTION,03 CURB,39,"May 8, 2018",16 URBAN MINOR ART,18,PAVED,2,RAISED CURB,0,,0,11,18800,RCI,2.7,,35,1 NO INJURY,31 Q/C COMPLETED - LOC VERIFIED,0 NO,02 AT INTERSECTION,04 DARK-LIGHTED,01 CLEAR,01 DRY,01 LEVEL,1 STRAIGHT,"TWO-WAY, NOT DIVIDED","TWO-WAY, NOT DIVIDED",TRAFFIC CONTROL SIGNAL,TRAFFIC CONTROL SIGNAL,2,NONE,NOT CODED,NOT CODED,NONE,NOT CODED,NOT CODED,14 MOTOR VEHICLE IN TRANSPORT,77 OTHER (SEE NARRATIVE),05 TURNING RIGHT,OTHER CONTRIBUTING ACTION,NO CONTRIBUTING ACTION,00 NOT CODED,00 NOT CODED,00 NOT CODED,00 NOT CODED,01 NO,0,0,0,0,2,0,2,2,N,N,N,Y,N,N,N,N,N,N,N,N,N,N,N,N,N,N,N,N,Y,N,N,N,N,N,26.655063277,-80.056184755,593927.380174,2948578.339924,C,,ARBM15Q1R2,"March 1, 2022",2627108,-8911814.018289007,3080442.778521052
2019890853890,2019,890853890,20190005690,COUNTY SHERIFF'S OFFICE,04 FOURTH,PALM BEACH,"March 31, 2019",0650,MONDAY,9394 WEST PALM BEACH,0694,Y,14TH ST,DIVISION AVE,0.019,E,0,0,26.726398,-80.058891,93A11172,0.242,,,,R RIGHT,P PARKING,0,,05 LOCAL,01 NON-JUNCTION,01 ON ROADWAY,01 NOT AT INTERSECTION,03 CURB,0,"December 31, 2000",,,,0,,0,,0,,,RCI,0,,,0 UNKNOWN/NOT CODED,33 Q/C VERIFIED AS OFF-SYSTEM,0 NO,01 NOT AT INTERSECTION/RRX/BRIDGE,03 DAWN,01 CLEAR,01 DRY,00 NOT CODED,0 NOT CODED,NOT CODED,"TWO-WAY, NOT DIVIDED",NOT CODED,NO CONTROLS,,NONE,NOT CODED,NOT CODED,NONE,NOT CODED,NOT CODED,15 PARKED MOTOR VEHICLE,"04 SIDESWIPE, SAME DIRECTION",00 NOT CODED,NOT CODED,NOT CODED,00 NOT CODED,00 NOT CODED,00 NOT CODED,00 NOT CODED,01 NO,0,0,0,0,1,0,2,1,N,N,N,N,Y,N,N,N,N,N,N,N,N,N,N,N,N,N,N,N,N,N,N,N,N,N,26.726398187,-80.058890995,593599.743547,2956477.644435,C,U,ARBM15Q1R2,"March 1, 2022",2627109,-8912115.275965352,3089330.8211220256
2019879600050,2019,879600050,20190001357,COUNTY SHERIFF'S OFFICE,04 FOURTH,PALM BEACH,"January 21, 2019",2025,TUESDAY,9394 WEST PALM BEACH,0694,Y,N TAMARIND AVE,15TH ST,0.019,S,0,0,26.727102,-80.061594,93027502,0.168,,,,R RIGHT,1 THRU LANE 1,0,,05 LOCAL,01 NON-JUNCTION,01 ON ROADWAY,01 NOT AT INTERSECTION,01 PAVED,0,"December 31, 2000",,,,0,,0,,0,,,RCI,0,,,1 NO INJURY,33 Q/C VERIFIED AS OFF-SYSTEM,0 NO,01 NOT AT INTERSECTION/RRX/BRIDGE,04 DARK-LIGHTED,01 CLEAR,01 DRY,00 NOT CODED,0 NOT CODED,NOT CODED,"TWO-WAY, NOT DIVIDED",NOT CODED,NO CONTROLS,,NONE,NOT CODED,NOT CODED,NONE,NOT CODED,NOT CODED,14 MOTOR VEHICLE IN TRANSPORT,02 FRONT TO FRONT,00 NOT CODED,NOT CODED,NO CONTRIBUTING ACTION,00 NOT CODED,00 NOT CODED,00 NOT CODED,00 NOT CODED,01 NO,0,0,0,0,2,0,2,2,N,N,N,N,Y,N,N,N,N,N,N,N,N,N,N,N,N,N,N,N,N,N,N,N,N,N,26.727101989,-80.061593401,593330.382064,2956553.617389,C,U,ARBM15Q1R2,"March 1, 2022",2627341,-8912416.106393797,3089418.539815846
2019879596610,2019,879596610,20190000085,COUNTY SHERIFF'S OFFICE,04 FOURTH,PALM BEACH,"January 1, 2019",1319,WEDNESDAY,9394 WEST PALM BEACH,0694,Y,US 1,GREYMON DR,0.006,S,0,0,26.6813768,-80.0545866,93050000,6.227,02172,SR 805,US 1,R RIGHT,2 THRU LANE 2,0,22 URBAN 4-5LN 2WY UNDIVD,02 U.S.,01 NON-JUNCTION,01 ON ROADWAY,01 NOT AT INTERSECTION,03 CURB,41,"May 1, 2017",16 URBAN MINOR ART,44,PAVED WARN,9,RAISED CURB,2,,0,,18700,RCI,5.4,,35,1 NO INJURY,31 Q/C COMPLETED - LOC VERIFIED,0 NO,01 NOT AT INTERSECTION/RRX/BRIDGE,01 DAYLIGHT,02 CLOUDY,01 DRY,00 NOT CODED,0 NOT CODED,NOT CODED,"TWO-WAY, NOT DIVIDED",NOT CODED,NO CONTROLS,4,NONE,NOT CODED,NOT CODED,NONE,NOT CODED,NOT CODED,14 MOTOR VEHICLE IN TRANSPORT,03 ANGLE,00 NOT CODED,NOT CODED,NO CONTRIBUTING ACTION,00 NOT CODED,00 NOT CODED,00 NOT CODED,00 NOT CODED,01 NO,0,0,0,0,2,0,2,5,N,N,N,N,N,N,N,N,N,N,N,N,N,N,N,N,N,N,N,N,N,N,N,N,N,N,26.681361828,-80.054578721,594065.644734,2951492.430574,C,,ARBM15Q1R2,"March 1, 2022",2627343,-8911635.23557293,3083718.8249024497
2019890852010,2019,890852010,20190005145,COUNTY SHERIFF'S OFFICE,04 FOURTH,PALM BEACH,"March 21, 2019",2002,FRIDAY,9394 WEST PALM BEACH,0694,Y,OKEECHOBEE BLVD,PARKER AVE,0,,0,0,26.7058382,-80.0614448,93280000,8.612,01766,SR 704,,L LEFT,1 THRU LANE 1,S SOUTH,30 URBAN 6+LN 2WY DIVD RASD,03 STATE,01 NON-JUNCTION,01 ON ROADWAY,02 FOUR-WAY INTERSECTION,01 PAVED,34,"May 2, 2017",16 URBAN MINOR ART,43,PAVED,4,CURB&GUTTER,2,,0,31,70000,RCI,3.3,,35,3 NO-INCAPACITATING INJURY,31 Q/C COMPLETED - LOC VERIFIED,0 NO,01 NOT AT INTERSECTION/RRX/BRIDGE,02 DUSK,01 CLEAR,01 DRY,01 LEVEL,1 STRAIGHT,"TWO-WAY, NOT DIVIDED","TWO-WAY, NOT DIVIDED",NO CONTROLS,NO CONTROLS,8,NONE,NOT CODED,NOT CODED,NONE,NOT CODED,NOT CODED,14 MOTOR VEHICLE IN TRANSPORT,03 ANGLE,01 STRAIGHT AHEAD,RAN RED LIGHT,NO CONTRIBUTING ACTION,00 NOT CODED,00 NOT CODED,00 NOT CODED,00 NOT CODED,01 NO,3,0,0,0,2,0,2,5,N,N,N,N,N,N,N,N,N,N,N,N,N,N,N,N,N,N,N,N,N,N,N,N,N,N,26.706106699,-80.061136478,593392.961694,2954228.43673,L,,ARBM15Q1R2,"March 1, 2022",2627658,-8912365.241956765,3086802.017173251
2019879599700,2019,879599700,20190001190,COUNTY SHERIFF'S OFFICE,04 FOURTH,PALM BEACH,"January 18, 2019",1826,SATURDAY,9394 WEST PALM BEACH,0694,Y,OKEECHOBEE BLVD,CHURCH ST,0.028,W,0,0,26.7062182,-80.0823826,93280000,7.314,01746,SR 704,,R RIGHT,4 THRU LANE 4,W WEST,30 URBAN 6+LN 2WY DIVD RASD,04 COUNTY,01 NON-JUNCTION,01 ON ROADWAY,01 NOT AT INTERSECTION,03 CURB,34,"May 2, 2017",14 URBAN PRIN ART OTHER,43,PAVED,3,CURB&GUTTER,2,,0,19,53000,RCI,3.3,,45,1 NO INJURY,31 Q/C COMPLETED - LOC VERIFIED,0 NO,03 INFLUENCED BY INTERSECTION,04 DARK-LIGHTED,01 CLEAR,01 DRY,01 LEVEL,1 STRAIGHT,"TWO-WAY, DIVIDED, POSITIVE MED","TWO-WAY, DIVIDED, POSITIVE MED",NO CONTROLS,NO CONTROLS,8,NONE,NOT CODED,NOT CODED,NONE,NOT CODED,NOT CODED,14 MOTOR VEHICLE IN TRANSPORT,01 FRONT TO REAR,01 STRAIGHT AHEAD,OPERATED MV IN CARLESS OR NEGL,NO CONTRIBUTING ACTION,00 NOT CODED,00 NOT CODED,00 NOT CODED,00 NOT CODED,01 NO,0,0,0,0,2,0,2,2,N,N,N,Y,N,N,N,N,N,N,N,N,N,N,N,N,N,N,N,N,N,N,N,N,N,N,26.70617809,-80.082446266,591273.014623,2954220.908644,R,,ARBM15Q1R2,"March 1, 2022",2627900,-8914737.437432935,3086810.9132823963
2019879601920,2019,879601920,20190001946,COUNTY SHERIFF'S OFFICE,04 FOURTH,PALM BEACH,"January 30, 2019",1815,THURSDAY,9394 WEST PALM BEACH,0694,Y,VILLAGE BLVD,BRANDYWINE RD,0,N,0,0,26.713988,-80.099435,93577000,0.643,,,,I INTERSECTION,M MIDDLE,S SOUTH,,05 LOCAL,01 NON-JUNCTION,01 ON ROADWAY,01 NOT AT INTERSECTION,03 CURB,0,"December 31, 2000",,,,0,,0,,0,,,RCI,0,,,1 NO INJURY,33 Q/C VERIFIED AS OFF-SYSTEM,0 NO,01 NOT AT INTERSECTION/RRX/BRIDGE,04 DARK-LIGHTED,03 RAIN,02 WET,01 LEVEL,1 STRAIGHT,"TWO-WAY, DIVIDED, POSITIVE MED","TWO-WAY, DIVIDED, POSITIVE MED",NO CONTROLS,NO CONTROLS,,NONE,NOT CODED,NOT CODED,WEATHER CONDITIONS,NOT CODED,NOT CODED,14 MOTOR VEHICLE IN TRANSPORT,01 FRONT TO REAR,01 STRAIGHT AHEAD,FOLLOWED TOO CLOSELY,NO CONTRIBUTING ACTION,00 NOT CODED,00 NOT CODED,00 NOT CODED,00 NOT CODED,01 NO,0,0,0,0,2,0,2,2,N,N,N,N,N,N,N,N,N,N,N,N,N,N,N,N,N,N,N,N,Y,N,N,N,N,N,26.713985186,-80.099437478,589576.631729,2955073.591513,L,U,ARBM15Q1R2,"March 1, 2022",2627901,-8916628.89105254,3087783.811108154
2019879598450,2019,879598450,20190000770,COUNTY SHERIFF'S OFFICE,04 FOURTH,PALM BEACH,"January 12, 2019",0538,SUNDAY,9394 WEST PALM BEACH,0694,Y,OKEECHOBEE BLVD,RR #628126,0.005,W,0,0,26.7058922,-80.0618785,93280000,8.585,01765,SR 704,,L LEFT,S SIDE OF ROAD,W WEST,30 URBAN 6+LN 2WY DIVD RASD,03 STATE,03 INTERSECTION-RELATED,02 OFF ROADWAY,02 FOUR-WAY INTERSECTION,03 CURB,34,"May 2, 2017",16 URBAN MINOR ART,43,PAVED,4,CURB&GUTTER,2,,0,31,70000,RCI,3.3,,35,1 NO INJURY,31 Q/C COMPLETED - LOC VERIFIED,1 ALC,05 RAILROAD CROSSING,04 DARK-LIGHTED,02 CLOUDY,01 DRY,01 LEVEL,1 STRAIGHT,"TWO-WAY, DIVIDED, POSITIVE MED",,TRAFFIC CONTROL SIGNAL,NOT CODED,8,NONE,NOT CODED,NOT CODED,NONE,NOT CODED,NOT CODED,"39 OTHER FIXED OBJECT (WALL, BUIL",77 OTHER (SEE NARRATIVE),03 TURNING LEFT,OPERATED MV IN CARLESS OR NEGL,NOT CODED,00 NOT CODED,00 NOT CODED,00 NOT CODED,00 NOT CODED,01 NO,0,0,0,0,1,0,1,1,N,N,N,Y,N,N,N,N,N,N,N,N,N,N,N,N,N,N,N,N,N,N,N,N,N,N,26.706095075,-80.061575082,593349.338886,2954226.82794,L,,ARBM15Q1R2,"March 1, 2022",2627904,-8912414.067178607,3086800.568658216
2019894533930,2019,894533930,20190018815,COUNTY SHERIFF'S OFFICE,04 FOURTH,PALM BEACH,"November 1, 2019",1500,SATURDAY,9394 WEST PALM BEACH,0694,Y,OKEECHOBEE BLVD,CHURCH ST,0,,0,0,26.7062053,-80.0819296,93280000,7.342,01746,SR 704,,R RIGHT,3 THRU LANE 3,E EAST,30 URBAN 6+LN 2WY DIVD RASD,03 STATE,02 INTERSECTION,01 ON ROADWAY,02 FOUR-WAY INTERSECTION,03 CURB,34,"May 2, 2017",14 URBAN PRIN ART OTHER,43,PAVED,3,CURB&GUTTER,2,,0,19,53000,RCI,3.3,,45,4 INCAPACITATING INJURY,31 Q/C COMPLETED - LOC VERIFIED,0 NO,02 AT INTERSECTION,01 DAYLIGHT,02 CLOUDY,01 DRY,01 LEVEL,1 STRAIGHT,"TWO-WAY, DIVIDED, POSITIVE MED","TWO-WAY, NOT DIVIDED",TRAFFIC CONTROL SIGNAL,TRAFFIC CONTROL SIGNAL,8,NONE,NONE,NONE,NONE,NONE,NONE,14 MOTOR VEHICLE IN TRANSPORT,03 ANGLE,01 STRAIGHT AHEAD,OTHER CONTRIBUTING ACTION,OTHER CONTRIBUTING ACTION,00 NOT CODED,00 NOT CODED,00 NOT CODED,00 NOT CODED,01 NO,3,0,1,0,2,0,2,5,N,N,N,Y,N,N,N,N,N,N,N,N,N,N,N,N,N,N,N,N,N,N,N,N,N,N,26.706167617,-80.081992696,591318.143887,2954220.073492,R,,ARBM15Q1R2,"March 1, 2022",2628126,-8914686.946156317,3086809.6082970724
2019892544830,2019,892544830,20190013701,COUNTY SHERIFF'S OFFICE,04 FOURTH,PALM BEACH,"August 7, 2019",1441,THURSDAY,9394 WEST PALM BEACH,0694,Y,FOREST HILL BLVD,PARKER AVE,0.019,W,0,0,26.6553065,-80.0643713,93016000,8.711,02426,SR 882,,R RIGHT,1 THRU LANE 1,W WEST,11 URBAN 2-3LN 2WY DIVD PAVD,05 LOCAL,01 NON-JUNCTION,01 ON ROADWAY,01 NOT AT INTERSECTION,01 PAVED,39,"May 8, 2018",16 URBAN MINOR ART,18,PAVED,2,RAISED CURB,0,,0,11,31000,RCI,3,,35,1 NO INJURY,31 Q/C COMPLETED - LOC VERIFIED,0 NO,01 NOT AT INTERSECTION/RRX/BRIDGE,01 DAYLIGHT,03 RAIN,02 WET,01 LEVEL,1 STRAIGHT,"TWO-WAY, NOT DIVIDED","TWO-WAY, NOT DIVIDED",NO CONTROLS,NO CONTROLS,2,NONE,NOT CODED,NOT CODED,NONE,NOT CODED,NOT CODED,14 MOTOR VEHICLE IN TRANSPORT,01 FRONT TO REAR,01 STRAIGHT AHEAD,FOLLOWED TOO CLOSELY,NO CONTRIBUTING ACTION,00 NOT CODED,00 NOT CODED,00 NOT CODED,00 NOT CODED,01 NO,0,0,0,0,3,0,3,3,N,N,N,N,N,N,N,N,N,N,N,N,N,N,N,N,N,N,N,N,N,Y,Y,N,N,N,26.655305088,-80.064367333,593112.8196,2948599.131,C,,ARBM15Q1R2,"March 1, 2022",2628172,-8912724.899091143,3080472.8978162794
2019890851870,2019,890851870,20190005102,COUNTY SHERIFF'S OFFICE,04 FOURTH,PALM BEACH,"March 21, 2019",0008,FRIDAY,9394 WEST PALM BEACH,0694,Y,SPRUCE AVE,51ST ST,0.014,N,0,0,26.757542,-80.054103,93900016,2.364,,,,R RIGHT,S SIDE OF ROAD,N NORTH,,05 LOCAL,01 NON-JUNCTION,01 ON ROADWAY,01 NOT AT INTERSECTION,01 PAVED,0,"December 31, 2000",,,,0,,0,,0,,,RCI,0,,,1 NO INJURY,33 Q/C VERIFIED AS OFF-SYSTEM,0 NO,01 NOT AT INTERSECTION/RRX/BRIDGE,04 DARK-LIGHTED,01 CLEAR,01 DRY,01 LEVEL,1 STRAIGHT,"TWO-WAY, NOT DIVIDED",,NO CONTROLS,NOT CODED,,NONE,NOT CODED,NOT CODED,NONE,NOT CODED,NOT CODED,33 UTILITY POLE/LIGHT SUPPORT,02 FRONT TO FRONT,01 STRAIGHT AHEAD,OPERATED MV IN CARLESS OR NEGL,NOT CODED,00 NOT CODED,00 NOT CODED,00 NOT CODED,00 NOT CODED,01 NO,0,0,0,0,1,0,1,1,N,N,N,N,Y,N,N,N,N,N,N,N,N,N,N,N,N,N,N,N,N,N,N,N,N,N,26.757541968,-80.054101586,594050.480739,2959930.788668,C,U,ARBM15Q1R2,"March 1, 2022",2628181,-8911582.12131646,3093212.9576549376
2019890864570,2019,890864570,20190009234,COUNTY SHERIFF'S OFFICE,04 FOURTH,PALM BEACH,"May 25, 2019",2038,SUNDAY,9394 WEST PALM BEACH,0694,Y,OKEECHOBEE BLVD,AUSTRALIAN AVE,0.009,W,0,0,26.7056586,-80.0658939,93280000,8.333,03164,SR 704,,L LEFT,1 THRU LANE 1,0,30 URBAN 6+LN 2WY DIVD RASD,05 LOCAL,01 NON-JUNCTION,01 ON ROADWAY,01 NOT AT INTERSECTION,03 CURB,34,"May 2, 2017",14 URBAN PRIN ART OTHER,36,PAVED,16,CURB&GUTTER,2,,0,21,77500,RCI,3.3,,45,1 NO INJURY,31 Q/C COMPLETED - LOC VERIFIED,0 NO,01 NOT AT INTERSECTION/RRX/BRIDGE,04 DARK-LIGHTED,01 CLEAR,01 DRY,00 NOT CODED,0 NOT CODED,NOT CODED,"TWO-WAY, DIVIDED, POSITIVE MED",NOT CODED,NO CONTROLS,6,NONE,NOT CODED,NOT CODED,NONE,NOT CODED,NOT CODED,14 MOTOR VEHICLE IN TRANSPORT,01 FRONT TO REAR,00 NOT CODED,NOT CODED,FOLLOWED TOO CLOSELY,00 NOT CODED,00 NOT CODED,00 NOT CODED,00 NOT CODED,01 NO,0,0,0,0,3,0,3,4,N,N,N,N,N,N,N,N,N,N,N,N,N,N,N,N,N,N,N,N,N,N,N,N,N,N,26.705765075,-80.065619164,592947.302407,2954187.320818,L,,ARBM15Q1R2,"March 1, 2022",2628183,-8912864.25242303,3086759.4464832996
2019890860610,2019,890860610,20190007935,COUNTY SHERIFF'S OFFICE,04 FOURTH,PALM BEACH,"May 5, 2019",1730,MONDAY,9394 WEST PALM BEACH,0694,Y,MILITARY TRL,GREEN PINE BLVD,0,,0,0,26.7276005,-80.1102158,93150000,3.439,03116,SR 809,,R RIGHT,2 THRU LANE 2,W WEST,30 URBAN 6+LN 2WY DIVD RASD,04 COUNTY,02 INTERSECTION,01 ON ROADWAY,03 T-INTERSECTION,03 CURB,37,"May 2, 2017",14 URBAN PRIN ART OTHER,36,PAVED,4,CURB&GUTTER,2,,0,21,38500,RCI,4.1,,45,3 NO-INCAPACITATING INJURY,31 Q/C COMPLETED - LOC VERIFIED,0 NO,02 AT INTERSECTION,01 DAYLIGHT,02 CLOUDY,01 DRY,01 LEVEL,1 STRAIGHT,"TWO-WAY, DIVIDED, POSITIVE MED","TWO-WAY, DIVIDED, POSITIVE MED",STOP SIGN,NO CONTROLS,6,NONE,NOT CODED,NOT CODED,NONE,NOT CODED,NOT CODED,14 MOTOR VEHICLE IN TRANSPORT,03 ANGLE,03 TURNING LEFT,FAILED TO YIELD RIGHT-OF-WAY,NO CONTRIBUTING ACTION,00 NOT CODED,00 NOT CODED,00 NOT CODED,00 NOT CODED,01 NO,1,0,0,0,2,0,2,2,N,N,N,Y,N,N,N,N,N,N,N,N,N,N,N,N,N,N,N,N,N,Y,Y,N,N,N,26.72764826,-80.110197318,588495.757652,2956579.434417,R,,ARBM15Q1R2,"March 1, 2022",2628184,-8917826.671265934,3089486.624687816