Crash Id,Calendar Year,FDOT Crash Number,Reporting Agency Case Number,Reporting Agency Type,FDOT Managing District,County Name,Crash Date,Crash Time,Day,DHSMV City,Crash Report City Code,In Town,On Roadway Name,Int Roadway Name,Reference Distance (Miles),Reference Direction,Officer Latitude,Officer Longitude,FDOT Latitude,FDOT Longitude,FDOT Roadway,Nearest Inventory MP,Nearest Node From Crash,State Road #,US Highway,Crash Side of Road,Accident Lane Number,Travel Direction Vehicle 1,FDOT Road Category,DHSMV Road System Id,Relation to Junction,Crash Harmful Event Location,Intersection Type,Shoulder Type,FDOT Roadway SKID Test Result,FDOT Roadway SKID Test Date,Functional Class,RCI Surface Width,RCI Shoulder Type First,RCI Shoulder Width First,RCI Shoulder Type Second,RCI Shoulder Width Second,RCI Shoulder Type Third,RCI Shoulder Width Third,RCI Median Width,Avg Daily Traffic,AADT Source,RCI Avg Per Truck Traffic,RCI Horiz Curve Condition,Posted Speed Limit,Highest Injury in Crash,CAR Status Code,Alcohols/Drug Involved,Site Location,Lighting,Weather,Road Surface,Roadway Grade,Roadway Alignment,Traffic Way Vehicle 1,Traffic Way Vehicle 2,Traffic Control Vehicle 1,Traffic Control Vehicle 2,Count of Lanes,Road Condition 1,Road Condition 2,Road Condition 3,Environment Condition 1,Environment Condition 2,Environment Condition 3,Crash Harmful Event,Manner of Collision,Vehicle Movement,Driver Action Vehicle 1,Driver Action Vehicle 2,Location Within Workzone,Type of Workzone,Workers Present in Workzone,Law Enforcement Present in Workzone,School Bus Related,Count of Nonfatal Injuries,Count of Traffic Fatalities,Count of Serious Injuries,Count of Pedestrians,Count of Drivers,Count of Bicyclists,Count of Vehicles,Count of Persons,Wrong Way,Workzone Inv,Commercial Vehicle Inv,Intersection Inv,Lane Departure,Speeding,Agressive Driving,Impaired Driver,Impaired Pedestrian,Impaired Bicyclist,Distracted Driver,Speeding or Aggressive Driving,Pedestrian Related,Bicyclist Related,Pedestrian or Bicyclist Related,Motorcycle Inv,No Belt,No Belt - Ages 1-4,No Belt - Ages 5-12,No Belt - Ages 13-17,Driver - Ages Teen,Driver - Ages 65 plus,Driver - Ages 65-69,Driver - Ages 70-74,Driver - Ages 75-79,Driver - Ages 80 plus,ARBM Latitude,ARBM Longitude,UTM Zone 17N X,UTM Zone 17N Y,ARBM Side of Road,Urban Rural Indicator,GIS Street Source,Extract Date,OBJECTID,x,y
2019872843180,2019,872843180,FHPK19OFF012819,FLORIDA HIGHWAY PATROL,08 TURNPIKE,PALM BEACH,"March 4, 2019",2021,TUESDAY,9394 WEST PALM BEACH,0694,N,SR 91,SR 80,2,S,26.6714504,-80.1718226,26.6507311,-80.1740518,93470000,22.235,03928,SR 91,,L LEFT,2 THRU LANE 2,S SOUTH,03 TOLL ROAD URBAN,06 TURNPIKE/TOLL,01 NON-JUNCTION,01 ON ROADWAY,01 NOT AT INTERSECTION,01 PAVED,35,"July 15, 2019",12 URBAN PRIN ART EXPR.,24,PAVED WARN,10,LAWN,12,,0,20,79000,RCI,11.9,,70,1 NO INJURY,31 Q/C COMPLETED - LOC VERIFIED,0 NO,01 NOT AT INTERSECTION/RRX/BRIDGE,02 DUSK,01 CLEAR,01 DRY,01 LEVEL,1 STRAIGHT,"TWO-WAY, DIVIDED, POSITIVE MED","TWO-WAY, DIVIDED, POSITIVE MED",NO CONTROLS,NO CONTROLS,4,NONE,NOT CODED,NOT CODED,NONE,NOT CODED,NOT CODED,14 MOTOR VEHICLE IN TRANSPORT,"04 SIDESWIPE, SAME DIRECTION",16 LEAVING TRAFFIC LANE,FAILED TO KEEP IN PROPER LANE,NO CONTRIBUTING ACTION,00 NOT CODED,00 NOT CODED,00 NOT CODED,00 NOT CODED,01 NO,0,0,0,0,2,0,2,2,N,N,Y,N,Y,N,N,N,N,N,N,N,N,N,N,N,N,N,N,N,N,N,N,N,N,N,26.650377274,-80.174192542,582186.215945,2947977.942942,L,,ARBM15Q1R2,"March 1, 2022",2635314,-8924950.589014804,3079859.1156582693
2019872677040,2019,872677040,FHPL19OFF028854,FLORIDA HIGHWAY PATROL,04 FOURTH,PALM BEACH,"May 2, 2019",0735,FRIDAY,9394 WEST PALM BEACH,0694,N,SR 9,SR 882,0.1,N,26.65531,-80.0693899,26.6571498,-80.0697765,93220000,23.64,02218,SR 9,I 95,L LEFT,1 THRU LANE 1,S SOUTH,01 INTERSTATE URBAN,01 INTERSTATE,01 NON-JUNCTION,01 ON ROADWAY,01 NOT AT INTERSECTION,01 PAVED,34,"June 10, 2019",11 URBAN PRIN ART INT.,65,PAVED WARN,10,,0,,0,33,253000,RCI,7.3,,65,2 POSSIBLE INJURY,31 Q/C COMPLETED - LOC VERIFIED,0 NO,01 NOT AT INTERSECTION/RRX/BRIDGE,01 DAYLIGHT,02 CLOUDY,02 WET,01 LEVEL,1 STRAIGHT,"TWO-WAY, DIVIDED, POSITIVE MED","TWO-WAY, DIVIDED, POSITIVE MED",NO CONTROLS,NO CONTROLS,10,NONE,NOT CODED,NOT CODED,NONE,NOT CODED,NOT CODED,14 MOTOR VEHICLE IN TRANSPORT,77 OTHER (SEE NARRATIVE),01 STRAIGHT AHEAD,OPERATED MV IN CARLESS OR NEGL,NO CONTRIBUTING ACTION,00 NOT CODED,00 NOT CODED,00 NOT CODED,00 NOT CODED,01 NO,3,0,0,0,3,0,3,3,N,N,N,N,Y,N,N,N,N,N,N,N,N,N,N,N,N,N,N,N,Y,N,N,N,N,N,26.656831538,-80.070021652,592548.848812,2948764.094093,L,,ARBM15Q1R2,"March 1, 2022",2635355,-8913354.335175032,3080663.029565111
2019879606700,2019,879606700,20190003582,COUNTY SHERIFF'S OFFICE,04 FOURTH,PALM BEACH,"February 25, 2019",0846,TUESDAY,9394 WEST PALM BEACH,0694,Y,DIXIE HWY S,GREGORY RD,0.028,N,0,0,26.6466473,-80.0562844,93050000,3.829,00087,SR 805,US 1,R RIGHT,1 THRU LANE 1,N NORTH,21 URBAN 4-5LN 2WY DIVD PAVD,04 COUNTY,02 INTERSECTION,01 ON ROADWAY,03 T-INTERSECTION,03 CURB,35,"May 1, 2017",16 URBAN MINOR ART,22,CURB&GUTTER,2,,0,,0,12,23000,RCI,4,,35,1 NO INJURY,31 Q/C COMPLETED - LOC VERIFIED,0 NO,03 INFLUENCED BY INTERSECTION,01 DAYLIGHT,01 CLEAR,01 DRY,01 LEVEL,1 STRAIGHT,"TWO-WAY, NOT DIVIDED","TWO-WAY, NOT DIVIDED",TRAFFIC CONTROL SIGNAL,TRAFFIC CONTROL SIGNAL,4,NONE,NOT CODED,NOT CODED,NONE,NOT CODED,NOT CODED,14 MOTOR VEHICLE IN TRANSPORT,01 FRONT TO REAR,01 STRAIGHT AHEAD,NOT CODED,NO CONTRIBUTING ACTION,00 NOT CODED,00 NOT CODED,00 NOT CODED,00 NOT CODED,01 NO,0,0,0,0,2,0,2,2,N,N,N,Y,N,N,N,N,N,N,N,N,N,N,N,N,N,N,N,N,N,N,N,N,N,N,26.646600282,-80.056291236,593923.708738,2947640.87685,C,,ARBM15Q1R2,"March 1, 2022",2635473,-8911825.871805714,3079388.692432955
2019880316090,2019,880316090,FHPL19OFF085810,FLORIDA HIGHWAY PATROL,04 FOURTH,PALM BEACH,"December 27, 2019",0540,SATURDAY,9394 WEST PALM BEACH,0694,Y,I 95,45TH ST,1,S,26.736488,-80.0903868,26.7444066,-80.0902906,93220000,30.215,01188,SR 9,I 95,M MEDIAN,M MIDDLE,N NORTH,01 INTERSTATE URBAN,01 INTERSTATE,01 NON-JUNCTION,01 ON ROADWAY,01 NOT AT INTERSECTION,01 PAVED,36,"June 10, 2019",11 URBAN PRIN ART INT.,76,PAVED WARN,10,LAWN,12,,0,33,230000,RCI,7.3,,65,3 NO-INCAPACITATING INJURY,31 Q/C COMPLETED - LOC VERIFIED,0 NO,01 NOT AT INTERSECTION/RRX/BRIDGE,04 DARK-LIGHTED,03 RAIN,02 WET,01 LEVEL,1 STRAIGHT,"TWO-WAY, DIVIDED, POSITIVE MED",,NO CONTROLS,NOT CODED,11,NONE,NOT CODED,NOT CODED,WEATHER CONDITIONS,NOT CODED,NOT CODED,30 CONCRETE TRAFFIC BARRIER,77 OTHER (SEE NARRATIVE),01 STRAIGHT AHEAD,DROVE TOO FAST FOR CONDITIONS,NOT CODED,00 NOT CODED,00 NOT CODED,00 NOT CODED,00 NOT CODED,01 NO,1,0,0,0,1,0,1,1,N,N,N,N,Y,Y,N,N,N,N,N,Y,N,N,N,N,N,N,N,N,N,N,N,N,N,N,26.744252746,-80.090326064,590459.023705,2958432.56403,R,,ARBM15Q1R2,"March 1, 2022",2635493,-8915614.612851435,3091556.298609036
2019880841420,2019,880841420,FHPL19OFF020971,FLORIDA HIGHWAY PATROL,04 FOURTH,PALM BEACH,"March 29, 2019",0045,SATURDAY,9394 WEST PALM BEACH,0694,Y,I 95,BELVEDERE RD,0.5,N,26.69977,-80.0717298,26.6972672,-80.0699498,93220000,26.515,04933,SR 9,I 95,L LEFT,4 THRU LANE 4,S SOUTH,01 INTERSTATE URBAN,01 INTERSTATE,01 NON-JUNCTION,01 ON ROADWAY,01 NOT AT INTERSECTION,01 PAVED,35,"June 10, 2019",11 URBAN PRIN ART INT.,64,PAVED WARN,10,,0,,0,33,246000,RCI,7.3,,65,2 POSSIBLE INJURY,31 Q/C COMPLETED - LOC VERIFIED,0 NO,01 NOT AT INTERSECTION/RRX/BRIDGE,04 DARK-LIGHTED,01 CLEAR,01 DRY,01 LEVEL,1 STRAIGHT,"TWO-WAY, DIVIDED, POSITIVE MED","TWO-WAY, DIVIDED, POSITIVE MED",NO CONTROLS,NO CONTROLS,10,NONE,NOT CODED,NOT CODED,NONE,NOT CODED,NOT CODED,14 MOTOR VEHICLE IN TRANSPORT,"04 SIDESWIPE, SAME DIRECTION",06 CHANGING LANES,OTHER CONTRIBUTING ACTION,NO CONTRIBUTING ACTION,00 NOT CODED,00 NOT CODED,00 NOT CODED,00 NOT CODED,01 NO,1,0,0,0,2,0,2,6,N,N,N,N,Y,N,N,N,N,N,N,N,N,N,N,N,N,N,N,N,N,N,N,N,N,N,26.697308856,-80.070322171,592486.276911,2953247.261655,L,,ARBM15Q1R2,"March 1, 2022",2635571,-8913387.788873367,3085705.73580292
2019880751190,2019,880751190,FHPL19OFF025452,FLORIDA HIGHWAY PATROL,04 FOURTH,PALM BEACH,"April 17, 2019",2020,THURSDAY,9394 WEST PALM BEACH,0694,N,SR 9,PALM BEACH LAKES BLVD,0.002,S,26.7189599,-80.08946,26.7193409,-80.0888641,93220070,0.216,04376,SR 9,I 95,R RIGHT,X RAMP,N NORTH,07 RAMP URBAN,01 INTERSTATE,03 INTERSECTION-RELATED,01 ON ROADWAY,02 FOUR-WAY INTERSECTION,01 PAVED,0,"December 31, 2000",,24,PAVED,5,LAWN,12,,0,,17500,RCI,3.3,,,3 NO-INCAPACITATING INJURY,31 Q/C COMPLETED - LOC VERIFIED,0 NO,08 EXIT RAMP,04 DARK-LIGHTED,01 CLEAR,01 DRY,01 LEVEL,1 STRAIGHT,ONE-WAY TRAFFICWAY,ONE-WAY TRAFFICWAY,NO CONTROLS,NO CONTROLS,2,NONE,NOT CODED,NOT CODED,NONE,NOT CODED,NOT CODED,14 MOTOR VEHICLE IN TRANSPORT,03 ANGLE,06 CHANGING LANES,FAILED TO KEEP IN PROPER LANE,NO CONTRIBUTING ACTION,00 NOT CODED,00 NOT CODED,00 NOT CODED,00 NOT CODED,01 NO,1,0,0,0,2,0,2,2,N,N,N,N,N,N,N,N,N,N,N,N,N,N,N,Y,N,N,N,N,N,N,N,N,N,N,26.71933997,-80.088869224,590623.640865,2955674.176388,O,,ARBM15Q1R2,"March 1, 2022",2635621,-8915452.43799512,3088451.14755653
2019880979540,2019,880979540,FHPL19OFF040707,FLORIDA HIGHWAY PATROL,04 FOURTH,PALM BEACH,"June 20, 2019",0816,FRIDAY,9394 WEST PALM BEACH,0694,N,I 95,OKEECHOBEE BLVD,0.076,S,26.7020165,-80.0726865,26.7026796,-80.07306,93220000,26.915,02142,SR 9,I 95,R RIGHT,2 THRU LANE 2,N NORTH,01 INTERSTATE URBAN,01 INTERSTATE,01 NON-JUNCTION,01 ON ROADWAY,01 NOT AT INTERSECTION,01 PAVED,35,"June 10, 2019",11 URBAN PRIN ART INT.,64,PAVED WARN,10,LAWN,12,,0,33,246000,RCI,7.3,,65,1 NO INJURY,31 Q/C COMPLETED - LOC VERIFIED,0 NO,01 NOT AT INTERSECTION/RRX/BRIDGE,01 DAYLIGHT,02 CLOUDY,01 DRY,01 LEVEL,1 STRAIGHT,"TWO-WAY, DIVIDED, POSITIVE MED","TWO-WAY, DIVIDED, POSITIVE MED",NO CONTROLS,NO CONTROLS,10,NONE,NOT CODED,NOT CODED,NONE,NOT CODED,NOT CODED,14 MOTOR VEHICLE IN TRANSPORT,01 FRONT TO REAR,06 CHANGING LANES,FOLLOWED TOO CLOSELY,NO CONTRIBUTING ACTION,00 NOT CODED,00 NOT CODED,00 NOT CODED,00 NOT CODED,01 NO,0,0,0,0,2,0,2,2,N,N,N,N,N,N,N,N,N,N,N,N,N,N,N,N,N,N,N,N,N,Y,N,Y,N,N,26.70252513,-80.072966086,592219.040211,2953823.117986,R,,ARBM15Q1R2,"March 1, 2022",2635661,-8913682.108315602,3086355.7149206805
2019880979560,2019,880979560,FHPL19OFF048811,FLORIDA HIGHWAY PATROL,04 FOURTH,PALM BEACH,"July 24, 2019",1550,THURSDAY,9394 WEST PALM BEACH,0694,N,I 95,45TH ST,0.009,S,26.7589399,-80.0913,26.758669,-80.0908793,93220000,31.206,06155,SR 9,I 95,L LEFT,4 THRU LANE 4,S SOUTH,01 INTERSTATE URBAN,01 INTERSTATE,01 NON-JUNCTION,01 ON ROADWAY,01 NOT AT INTERSECTION,01 PAVED,36,"June 10, 2019",11 URBAN PRIN ART INT.,76,PAVED WARN,10,,0,,0,33,230000,RCI,7.3,1D1500,65,1 NO INJURY,31 Q/C COMPLETED - LOC VERIFIED,0 NO,01 NOT AT INTERSECTION/RRX/BRIDGE,01 DAYLIGHT,03 RAIN,02 WET,01 LEVEL,1 STRAIGHT,"TWO-WAY, DIVIDED, POSITIVE MED","TWO-WAY, DIVIDED, POSITIVE MED",NO CONTROLS,NO CONTROLS,11,NONE,NOT CODED,NOT CODED,NONE,NOT CODED,NOT CODED,14 MOTOR VEHICLE IN TRANSPORT,01 FRONT TO REAR,06 CHANGING LANES,FOLLOWED TOO CLOSELY,NO CONTRIBUTING ACTION,00 NOT CODED,00 NOT CODED,00 NOT CODED,00 NOT CODED,01 NO,0,0,0,0,3,0,3,3,N,N,N,N,N,N,N,N,N,N,N,N,N,N,N,N,N,N,N,N,N,N,N,N,N,N,26.75849294,-80.091121308,590368.67649,2960009.29499,L,,ARBM15Q1R2,"March 1, 2022",2635662,-8915703.13913766,3093331.5148643097
2019880979500,2019,880979500,FHPL19OFF038705,FLORIDA HIGHWAY PATROL,04 FOURTH,PALM BEACH,"June 12, 2019",1300,THURSDAY,9394 WEST PALM BEACH,0694,Y,I 95,BLUE HERON BLVD,0.208,S,26.78348,-80.10011,26.7801203,-80.0989773,93220000,32.766,01214,SR 9,I 95,R RIGHT,2 THRU LANE 2,N NORTH,01 INTERSTATE URBAN,01 INTERSTATE,01 NON-JUNCTION,01 ON ROADWAY,01 NOT AT INTERSECTION,01 PAVED,36,"June 10, 2019",11 URBAN PRIN ART INT.,64,PAVED WARN,10,,0,,0,33,230000,RCI,7.3,2D0000,65,1 NO INJURY,31 Q/C COMPLETED - LOC VERIFIED,0 NO,01 NOT AT INTERSECTION/RRX/BRIDGE,01 DAYLIGHT,03 RAIN,02 WET,04 DOWNHILL,1 STRAIGHT,"TWO-WAY, DIVIDED, POSITIVE MED","TWO-WAY, DIVIDED, POSITIVE MED",NO CONTROLS,NO CONTROLS,10,NONE,NOT CODED,NOT CODED,NONE,NOT CODED,NOT CODED,14 MOTOR VEHICLE IN TRANSPORT,"04 SIDESWIPE, SAME DIRECTION",06 CHANGING LANES,FAILED TO KEEP IN PROPER LANE,NO CONTRIBUTING ACTION,00 NOT CODED,00 NOT CODED,00 NOT CODED,00 NOT CODED,01 NO,0,0,0,0,2,0,2,2,N,N,N,N,Y,N,N,N,N,N,N,N,N,N,N,N,N,N,N,N,N,N,N,N,N,N,26.779985715,-80.099000576,589568.349261,2962384.344287,R,,ARBM15Q1R2,"March 1, 2022",2635728,-8916580.255486159,3096011.276452197
2019894535610,2019,894535610,20190019450,COUNTY SHERIFF'S OFFICE,04 FOURTH,PALM BEACH,"November 12, 2019",1442,WEDNESDAY,9394 WEST PALM BEACH,0694,Y,NORTHWOOD RD,DIXIE HWY N,0.009,W,0,0,26.7353023,-80.0528476,93020000,9.964,00745,SR 5,US 1,T SIDE RD LEFT,1 THRU LANE 1,E EAST,22 URBAN 4-5LN 2WY UNDIVD,05 LOCAL,01 NON-JUNCTION,01 ON ROADWAY,01 NOT AT INTERSECTION,03 CURB,43,"June 10, 2019",16 URBAN MINOR ART,44,PAVED,2,CURB&GUTTER,2,,0,,16200,RCI,2.4,,30,1 NO INJURY,31 Q/C COMPLETED - LOC VERIFIED,0 NO,01 NOT AT INTERSECTION/RRX/BRIDGE,01 DAYLIGHT,03 RAIN,02 WET,01 LEVEL,1 STRAIGHT,"TWO-WAY, NOT DIVIDED","TWO-WAY, NOT DIVIDED",NO CONTROLS,NO CONTROLS,4,NONE,NOT CODED,NOT CODED,NONE,NOT CODED,NOT CODED,14 MOTOR VEHICLE IN TRANSPORT,77 OTHER (SEE NARRATIVE),04 BACKING,OPERATED MV IN CARLESS OR NEGL,NO CONTRIBUTING ACTION,00 NOT CODED,00 NOT CODED,00 NOT CODED,00 NOT CODED,01 NO,0,0,0,0,2,0,2,2,N,N,N,N,N,N,N,N,N,N,N,N,N,N,N,N,N,N,N,N,N,Y,N,Y,N,N,26.735224651,-80.052837335,594194.584153,2957459.761951,C,,ARBM15Q1R2,"March 1, 2022",2635856,-8911441.385315327,3090430.950239491
2019872677060,2019,872677060,FHPL19OFF029647,FLORIDA HIGHWAY PATROL,04 FOURTH,PALM BEACH,"May 5, 2019",0955,MONDAY,9394 WEST PALM BEACH,0694,N,I 95,SR 704,0.2,S,26.70616,-80.07562,26.701085,-80.0721276,93220000,26.791,01228,SR 9,I 95,R RIGHT,5 THRU LANE 5,N NORTH,01 INTERSTATE URBAN,01 INTERSTATE,01 NON-JUNCTION,01 ON ROADWAY,01 NOT AT INTERSECTION,01 PAVED,35,"June 10, 2019",11 URBAN PRIN ART INT.,64,PAVED WARN,10,LAWN,12,,0,33,246000,RCI,7.3,,65,4 INCAPACITATING INJURY,31 Q/C COMPLETED - LOC VERIFIED,0 NO,01 NOT AT INTERSECTION/RRX/BRIDGE,01 DAYLIGHT,01 CLEAR,01 DRY,01 LEVEL,1 STRAIGHT,"TWO-WAY, DIVIDED, POSITIVE MED","TWO-WAY, DIVIDED, POSITIVE MED",NO CONTROLS,NO CONTROLS,10,NONE,NOT CODED,NOT CODED,NONE,NOT CODED,NOT CODED,14 MOTOR VEHICLE IN TRANSPORT,01 FRONT TO REAR,01 STRAIGHT AHEAD,OPERATED MV IN CARLESS OR NEGL,NO CONTRIBUTING ACTION,00 NOT CODED,00 NOT CODED,00 NOT CODED,00 NOT CODED,01 NO,2,0,2,0,2,0,2,2,N,N,N,N,N,N,N,N,N,N,N,N,N,N,N,N,N,N,N,N,N,N,N,N,N,N,26.700923196,-80.07204521,592311.942867,2953646.349022,R,,ARBM15Q1R2,"March 1, 2022",2635901,-8913579.596813139,3086156.1011128263
2019879602090,2019,879602090,20190002034,COUNTY SHERIFF'S OFFICE,04 FOURTH,PALM BEACH,"February 1, 2019",0033,SATURDAY,9394 WEST PALM BEACH,0694,Y,PALM BEACH LAKES BLVD,7TH ST,0.047,W,0,0,26.724948,-80.076284,93014500,2.092,,,,M MEDIAN,M MIDDLE,W WEST,,03 STATE,01 NON-JUNCTION,01 ON ROADWAY,01 NOT AT INTERSECTION,01 PAVED,0,"December 31, 2000",,,,0,,0,,0,,,RCI,0,,,1 NO INJURY,33 Q/C VERIFIED AS OFF-SYSTEM,1 ALC,01 NOT AT INTERSECTION/RRX/BRIDGE,05 DARK-NOT LIGHTED,03 RAIN,02 WET,01 LEVEL,1 STRAIGHT,"TWO-WAY, DIVIDED, POSITIVE MED",,NO CONTROLS,NOT CODED,,NONE,NOT CODED,NOT CODED,NONE,NOT CODED,NOT CODED,32 TREE (STANDING),"04 SIDESWIPE, SAME DIRECTION",01 STRAIGHT AHEAD,OTHER CONTRIBUTING ACTION,NOT CODED,00 NOT CODED,00 NOT CODED,00 NOT CODED,00 NOT CODED,01 NO,0,0,0,0,1,0,1,1,N,N,N,N,Y,N,N,N,N,N,N,N,N,N,N,N,N,N,N,N,N,N,N,N,N,N,26.724945595,-80.076284072,591870.958676,2956304.088052,R,U,ARBM15Q1R2,"March 1, 2022",2636045,-8914051.464927975,3089149.77861832
2019879602110,2019,879602110,20190002042,COUNTY SHERIFF'S OFFICE,04 FOURTH,PALM BEACH,"February 1, 2019",0623,SATURDAY,9394 WEST PALM BEACH,0694,Y,OKEECHOBEE BLVD,RIVERWALK BLVD,0.001,E,0,0,26.7081119,-80.1576671,93280000,2.663,01723,SR 704,,L LEFT,1 THRU LANE 1,W WEST,30 URBAN 6+LN 2WY DIVD RASD,03 STATE,01 NON-JUNCTION,01 ON ROADWAY,01 NOT AT INTERSECTION,03 CURB,41,"May 2, 2017",14 URBAN PRIN ART OTHER,48,PAVED,4,CURB&GUTTER,2,,0,25,62000,RCI,4.5,,50,3 NO-INCAPACITATING INJURY,31 Q/C COMPLETED - LOC VERIFIED,3 A/D,03 INFLUENCED BY INTERSECTION,03 DAWN,01 CLEAR,01 DRY,01 LEVEL,1 STRAIGHT,"TWO-WAY, DIVIDED, POSITIVE MED","TWO-WAY, DIVIDED, POSITIVE MED",NO CONTROLS,NO CONTROLS,8,NONE,NOT CODED,NOT CODED,NONE,NOT CODED,NOT CODED,14 MOTOR VEHICLE IN TRANSPORT,01 FRONT TO REAR,01 STRAIGHT AHEAD,OPERATED MV IN CARLESS OR NEGL,NO CONTRIBUTING ACTION,00 NOT CODED,00 NOT CODED,00 NOT CODED,00 NOT CODED,01 NO,1,0,0,0,3,0,3,5,N,N,N,Y,N,N,N,Y,N,N,N,N,N,N,N,N,N,N,N,N,N,N,N,N,N,N,26.708323761,-80.157735043,583781.807633,2954406.870851,L,,ARBM15Q1R2,"March 1, 2022",2636046,-8923118.548277749,3087078.2939225608
2019879597580,2019,879597580,20190000476,COUNTY SHERIFF'S OFFICE,04 FOURTH,PALM BEACH,"January 7, 2019",1635,TUESDAY,9394 WEST PALM BEACH,0694,Y,DIXIE HWY S,OKEECHOBEE BLVD EB,0.038,S,0,0,26.7049292,-80.0537638,93020001,1.347,00695,SR 5,US 1,R RIGHT,1 THRU LANE 1,W WEST,11 URBAN 2-3LN 2WY DIVD PAVD,02 U.S.,01 NON-JUNCTION,01 ON ROADWAY,01 NOT AT INTERSECTION,03 CURB,44,"June 9, 2019",16 URBAN MINOR ART,21,CURB&GUTTER,2,,0,,0,12,17000,RCI,4.9,,35,1 NO INJURY,31 Q/C COMPLETED - LOC VERIFIED,0 NO,04 DRIVEWAY ACCESS,01 DAYLIGHT,01 CLEAR,01 DRY,01 LEVEL,1 STRAIGHT,"TWO-WAY, NOT DIVIDED","TWO-WAY, NOT DIVIDED",STOP SIGN,NO CONTROLS,3,NONE,NOT CODED,NOT CODED,NONE,NOT CODED,NOT CODED,14 MOTOR VEHICLE IN TRANSPORT,03 ANGLE,03 TURNING LEFT,FAILED TO YIELD RIGHT-OF-WAY,NO CONTRIBUTING ACTION,00 NOT CODED,00 NOT CODED,00 NOT CODED,00 NOT CODED,01 NO,0,0,0,0,2,0,2,4,N,N,N,N,N,N,N,N,N,N,N,N,N,N,N,N,N,N,N,N,Y,N,N,N,N,N,26.704936736,-80.053751929,594128.53773,2954104.278959,C,,ARBM15Q1R2,"March 1, 2022",2636054,-8911543.197496427,3086656.225653862
2019879597610,2019,879597610,20190000501,COUNTY SHERIFF'S OFFICE,04 FOURTH,PALM BEACH,"January 8, 2019",0731,WEDNESDAY,9394 WEST PALM BEACH,0694,Y,SOUTHERN BLVD,PARKER AVE,0,,0,0,26.6758783,-80.063105,93120000,20.364,00374,SR 80,US 98,R RIGHT,2 THRU LANE 2,0,21 URBAN 4-5LN 2WY DIVD PAVD,03 STATE,02 INTERSECTION,01 ON ROADWAY,02 FOUR-WAY INTERSECTION,03 CURB,41,"June 5, 2018",16 URBAN MINOR ART,22,RAISED CURB,0,,0,,0,12,32000,RCI,3.9,,35,1 NO INJURY,31 Q/C COMPLETED - LOC VERIFIED,0 NO,02 AT INTERSECTION,01 DAYLIGHT,01 CLEAR,01 DRY,00 NOT CODED,0 NOT CODED,NOT CODED,"TWO-WAY, NOT DIV, W/CONT LTURN",NOT CODED,TRAFFIC CONTROL SIGNAL,4,NONE,NOT CODED,NOT CODED,NONE,NOT CODED,NOT CODED,14 MOTOR VEHICLE IN TRANSPORT,03 ANGLE,00 NOT CODED,NOT CODED,NO CONTRIBUTING ACTION,00 NOT CODED,00 NOT CODED,00 NOT CODED,00 NOT CODED,01 NO,0,0,0,0,2,0,2,2,N,N,N,Y,N,N,N,N,N,N,N,N,N,N,N,N,N,N,N,N,N,N,N,N,N,N,26.675932525,-80.063255562,593206.701991,2950884.696254,C,,ARBM15Q1R2,"March 1, 2022",2636055,-8912601.137340672,3083042.4273770554
2019879597620,2019,879597620,20190000504,COUNTY SHERIFF'S OFFICE,04 FOURTH,PALM BEACH,"January 8, 2019",0837,WEDNESDAY,9394 WEST PALM BEACH,0694,Y,DIXIE HWY S,GRUBER PL,0.009,N,0,0,26.7031628,-80.0538413,93020001,1.469,00698,SR 5,US 1,R RIGHT,S SIDE OF ROAD,S SOUTH,22 URBAN 4-5LN 2WY UNDIVD,05 LOCAL,01 NON-JUNCTION,01 ON ROADWAY,01 NOT AT INTERSECTION,03 CURB,44,"June 9, 2019",16 URBAN MINOR ART,44,CURB&GUTTER,7,CURB&GUTTER,2,,0,,17000,RCI,4.9,,35,1 NO INJURY,31 Q/C COMPLETED - LOC VERIFIED,0 NO,03 INFLUENCED BY INTERSECTION,01 DAYLIGHT,01 CLEAR,01 DRY,01 LEVEL,1 STRAIGHT,"TWO-WAY, NOT DIVIDED",,NO CONTROLS,NOT CODED,4,NONE,NOT CODED,NOT CODED,NONE,NOT CODED,NOT CODED,24 CURB,77 OTHER (SEE NARRATIVE),01 STRAIGHT AHEAD,NO CONTRIBUTING ACTION,NOT CODED,00 NOT CODED,00 NOT CODED,00 NOT CODED,00 NOT CODED,01 NO,0,0,0,0,1,0,1,1,N,N,N,Y,N,N,N,N,N,N,N,N,N,N,N,N,N,N,N,N,N,N,N,N,N,N,26.70316902,-80.05384073,594121.15685,2953908.414748,C,,ARBM15Q1R2,"March 1, 2022",2636056,-8911553.082697647,3086435.949517407