Crash Id,Calendar Year,FDOT Crash Number,Reporting Agency Case Number,Reporting Agency Type,FDOT Managing District,County Name,Crash Date,Crash Time,Day,DHSMV City,Crash Report City Code,In Town,On Roadway Name,Int Roadway Name,Reference Distance (Miles),Reference Direction,Officer Latitude,Officer Longitude,FDOT Latitude,FDOT Longitude,FDOT Roadway,Nearest Inventory MP,Nearest Node From Crash,State Road #,US Highway,Crash Side of Road,Accident Lane Number,Travel Direction Vehicle 1,FDOT Road Category,DHSMV Road System Id,Relation to Junction,Crash Harmful Event Location,Intersection Type,Shoulder Type,FDOT Roadway SKID Test Result,FDOT Roadway SKID Test Date,Functional Class,RCI Surface Width,RCI Shoulder Type First,RCI Shoulder Width First,RCI Shoulder Type Second,RCI Shoulder Width Second,RCI Shoulder Type Third,RCI Shoulder Width Third,RCI Median Width,Avg Daily Traffic,AADT Source,RCI Avg Per Truck Traffic,RCI Horiz Curve Condition,Posted Speed Limit,Highest Injury in Crash,CAR Status Code,Alcohols/Drug Involved,Site Location,Lighting,Weather,Road Surface,Roadway Grade,Roadway Alignment,Traffic Way Vehicle 1,Traffic Way Vehicle 2,Traffic Control Vehicle 1,Traffic Control Vehicle 2,Count of Lanes,Road Condition 1,Road Condition 2,Road Condition 3,Environment Condition 1,Environment Condition 2,Environment Condition 3,Crash Harmful Event,Manner of Collision,Vehicle Movement,Driver Action Vehicle 1,Driver Action Vehicle 2,Location Within Workzone,Type of Workzone,Workers Present in Workzone,Law Enforcement Present in Workzone,School Bus Related,Count of Nonfatal Injuries,Count of Traffic Fatalities,Count of Serious Injuries,Count of Pedestrians,Count of Drivers,Count of Bicyclists,Count of Vehicles,Count of Persons,Wrong Way,Workzone Inv,Commercial Vehicle Inv,Intersection Inv,Lane Departure,Speeding,Agressive Driving,Impaired Driver,Impaired Pedestrian,Impaired Bicyclist,Distracted Driver,Speeding or Aggressive Driving,Pedestrian Related,Bicyclist Related,Pedestrian or Bicyclist Related,Motorcycle Inv,No Belt,No Belt - Ages 1-4,No Belt - Ages 5-12,No Belt - Ages 13-17,Driver - Ages Teen,Driver - Ages 65 plus,Driver - Ages 65-69,Driver - Ages 70-74,Driver - Ages 75-79,Driver - Ages 80 plus,ARBM Latitude,ARBM Longitude,UTM Zone 17N X,UTM Zone 17N Y,ARBM Side of Road,Urban Rural Indicator,GIS Street Source,Extract Date,OBJECTID,x,y
2019880871580,2019,880871580,FHPL19OFF014107,FLORIDA HIGHWAY PATROL,04 FOURTH,PALM BEACH,"February 27, 2019",1700,THURSDAY,9394 WEST PALM BEACH,0694,N,I 95,PALM BEACH LAKES BLVD,0.028,S,26.7160746,-80.0867028,26.4711207,-80.0889115,93220000,10.596,01185,SR 9,I 95,R RIGHT,1 THRU LANE 1,N NORTH,01 INTERSTATE URBAN,01 INTERSTATE,01 NON-JUNCTION,01 ON ROADWAY,01 NOT AT INTERSECTION,01 PAVED,39,"June 10, 2019",11 URBAN PRIN ART INT.,62,PAVED WARN,10,,0,,0,33,198560,RCI,5.9,,65,1 NO INJURY,31 Q/C COMPLETED - LOC VERIFIED,0 NO,01 NOT AT INTERSECTION/RRX/BRIDGE,01 DAYLIGHT,01 CLEAR,01 DRY,01 LEVEL,1 STRAIGHT,"TWO-WAY, DIVIDED, POSITIVE MED","TWO-WAY, DIVIDED, POSITIVE MED",NO CONTROLS,NO CONTROLS,10,NONE,NOT CODED,NOT CODED,NONE,NOT CODED,NOT CODED,14 MOTOR VEHICLE IN TRANSPORT,01 FRONT TO REAR,01 STRAIGHT AHEAD,OPERATED MV IN CARLESS OR NEGL,NO CONTRIBUTING ACTION,00 NOT CODED,00 NOT CODED,00 NOT CODED,00 NOT CODED,01 NO,0,0,0,0,2,0,2,2,N,N,N,N,N,N,N,N,N,N,N,N,N,N,N,N,N,N,N,N,N,N,N,N,N,N,26.470753206,-80.089022318,590804.413482,2928140.271218,R,,ARBM15Q1R2,"March 1, 2022",2637318,-8915469.479631655,3057504.1434906977
2019872444880,2019,872444880,FHPL19OFF007307,FLORIDA HIGHWAY PATROL,04 FOURTH,PALM BEACH,"January 29, 2019",0745,WEDNESDAY,9394 WEST PALM BEACH,0694,Y,I 95,BELVEDERE RD,0.014,N,26.6899129,-80.0669227,26.691212,-80.0666238,93220000,26.029,04278,SR 9,I 95,R RIGHT,5 THRU LANE 5,N NORTH,01 INTERSTATE URBAN,01 INTERSTATE,01 NON-JUNCTION,01 ON ROADWAY,01 NOT AT INTERSECTION,01 PAVED,35,"June 10, 2019",11 URBAN PRIN ART INT.,74,PAVED WARN,9,,0,,0,56,210000,RCI,7.3,,65,2 POSSIBLE INJURY,31 Q/C COMPLETED - LOC VERIFIED,0 NO,01 NOT AT INTERSECTION/RRX/BRIDGE,01 DAYLIGHT,02 CLOUDY,01 DRY,04 DOWNHILL,1 STRAIGHT,"TWO-WAY, DIVIDED, POSITIVE MED","TWO-WAY, DIVIDED, POSITIVE MED",NO CONTROLS,NO CONTROLS,11,NONE,NOT CODED,NOT CODED,NONE,NOT CODED,NOT CODED,14 MOTOR VEHICLE IN TRANSPORT,01 FRONT TO REAR,01 STRAIGHT AHEAD,FOLLOWED TOO CLOSELY,NO CONTRIBUTING ACTION,00 NOT CODED,00 NOT CODED,00 NOT CODED,00 NOT CODED,01 NO,1,0,0,0,2,0,2,2,N,N,N,N,N,N,N,N,N,N,N,N,N,N,N,N,N,N,N,N,N,N,N,N,N,N,26.691004911,-80.066634983,592858.215686,2952551.696072,R,,ARBM15Q1R2,"March 1, 2022",2637530,-8912977.332849558,3084920.266153198
2019872444940,2019,872444940,FHPL19OFF010218,FLORIDA HIGHWAY PATROL,04 FOURTH,PALM BEACH,"February 11, 2019",0850,TUESDAY,9394 WEST PALM BEACH,0694,N,I 95,PALM BEACH LAKES BLVD,0.095,S,26.7189599,-80.08946,26.4698144,-80.0891235,93220000,10.505,02187,SR 9,I 95,R RIGHT,2 THRU LANE 2,N NORTH,01 INTERSTATE URBAN,01 INTERSTATE,01 NON-JUNCTION,01 ON ROADWAY,01 NOT AT INTERSECTION,01 PAVED,39,"June 10, 2019",11 URBAN PRIN ART INT.,62,PAVED WARN,10,,0,,0,33,198560,RCI,5.9,1D3000,65,1 NO INJURY,31 Q/C COMPLETED - LOC VERIFIED,0 NO,01 NOT AT INTERSECTION/RRX/BRIDGE,01 DAYLIGHT,02 CLOUDY,02 WET,01 LEVEL,1 STRAIGHT,"TWO-WAY, DIVIDED, POSITIVE MED","TWO-WAY, DIVIDED, POSITIVE MED",NO CONTROLS,NO CONTROLS,10,NONE,NOT CODED,NOT CODED,NONE,NOT CODED,NOT CODED,14 MOTOR VEHICLE IN TRANSPORT,01 FRONT TO REAR,01 STRAIGHT AHEAD,FOLLOWED TOO CLOSELY,NO CONTRIBUTING ACTION,00 NOT CODED,00 NOT CODED,00 NOT CODED,00 NOT CODED,01 NO,0,0,0,0,2,0,2,2,N,N,N,N,N,N,N,N,N,N,N,N,N,N,N,N,N,N,N,N,N,N,N,N,N,N,26.469439659,-80.089189712,590788.758048,2927994.665214,R,,ARBM15Q1R2,"March 1, 2022",2637532,-8915488.113970876,3057340.7958128387
2019872676820,2019,872676820,FHPL19OFF022736,FLORIDA HIGHWAY PATROL,04 FOURTH,PALM BEACH,"April 6, 2019",0520,SUNDAY,9394 WEST PALM BEACH,0694,Y,SR 9,BELVEDERE RD,0.5,N,26.69076,-80.0669999,26.6972672,-80.0699498,93220000,26.515,04933,SR 9,I 95,L LEFT,4 THRU LANE 4,S SOUTH,01 INTERSTATE URBAN,01 INTERSTATE,01 NON-JUNCTION,01 ON ROADWAY,01 NOT AT INTERSECTION,01 PAVED,35,"June 10, 2019",11 URBAN PRIN ART INT.,64,PAVED WARN,10,,0,,0,33,246000,RCI,7.3,,65,2 POSSIBLE INJURY,31 Q/C COMPLETED - LOC VERIFIED,1 ALC,01 NOT AT INTERSECTION/RRX/BRIDGE,04 DARK-LIGHTED,01 CLEAR,01 DRY,01 LEVEL,1 STRAIGHT,"TWO-WAY, DIVIDED, POSITIVE MED","TWO-WAY, DIVIDED, POSITIVE MED",NO CONTROLS,NO CONTROLS,10,NONE,NOT CODED,NOT CODED,NONE,NOT CODED,NOT CODED,14 MOTOR VEHICLE IN TRANSPORT,"04 SIDESWIPE, SAME DIRECTION",01 STRAIGHT AHEAD,OPERATED MV IN CARLESS OR NEGL,NO CONTRIBUTING ACTION,00 NOT CODED,00 NOT CODED,00 NOT CODED,00 NOT CODED,01 NO,2,0,0,0,2,0,2,2,N,N,N,N,Y,N,N,N,N,N,N,N,N,N,N,N,N,N,N,N,N,N,N,N,N,N,26.697308856,-80.070322171,592486.276911,2953247.261655,L,,ARBM15Q1R2,"March 1, 2022",2637575,-8913387.788873367,3085705.73580292
2019879606760,2019,879606760,20190003599,COUNTY SHERIFF'S OFFICE,04 FOURTH,PALM BEACH,"February 25, 2019",1232,TUESDAY,9394 WEST PALM BEACH,0694,Y,N WARE DR,HURON PL,0.011,W,0,0,26.712459,-80.083292,93A11509,1.189,,,,R RIGHT,S SIDE OF ROAD,S SOUTH,,05 LOCAL,01 NON-JUNCTION,01 ON ROADWAY,01 NOT AT INTERSECTION,03 CURB,0,"December 31, 2000",,,,0,,0,,0,,,RCI,0,,,0 UNKNOWN/NOT CODED,33 Q/C VERIFIED AS OFF-SYSTEM,0 NO,01 NOT AT INTERSECTION/RRX/BRIDGE,01 DAYLIGHT,02 CLOUDY,01 DRY,01 LEVEL,1 STRAIGHT,"TWO-WAY, NOT DIVIDED",,NO CONTROLS,NOT CODED,,NONE,NOT CODED,NOT CODED,NONE,NOT CODED,NOT CODED,32 TREE (STANDING),77 OTHER (SEE NARRATIVE),01 STRAIGHT AHEAD,NOT CODED,NOT CODED,00 NOT CODED,00 NOT CODED,00 NOT CODED,00 NOT CODED,01 NO,0,0,0,0,1,0,1,1,N,N,N,N,Y,N,N,N,N,N,N,N,N,N,N,N,N,N,N,N,N,N,N,N,N,N,26.71246056,-80.083290621,591184.01408,2954916.170569,C,U,ARBM15Q1R2,"March 1, 2022",2637720,-8914831.430642284,3087593.811535831
2019879599840,2019,879599840,20190001264,COUNTY SHERIFF'S OFFICE,04 FOURTH,PALM BEACH,"January 20, 2019",0710,MONDAY,9394 WEST PALM BEACH,0694,Y,FLAGLER CT,GREGORY PL,0,S,0,0,26.646447,-80.045319,93A13637,0.265,,,,R RIGHT,1 THRU LANE 1,N NORTH,,05 LOCAL,01 NON-JUNCTION,01 ON ROADWAY,01 NOT AT INTERSECTION,03 CURB,0,"December 31, 2000",,,,0,,0,,0,,,RCI,0,,,0 UNKNOWN/NOT CODED,33 Q/C VERIFIED AS OFF-SYSTEM,0 NO,01 NOT AT INTERSECTION/RRX/BRIDGE,88 UNKNOWN,01 CLEAR,88 UNKNOWN,00 NOT CODED,0 NOT CODED,NOT CODED,"TWO-WAY, NOT DIVIDED",NOT CODED,NO CONTROLS,,NONE,NOT CODED,NOT CODED,NONE,NOT CODED,NOT CODED,14 MOTOR VEHICLE IN TRANSPORT,01 FRONT TO REAR,00 NOT CODED,NOT CODED,NOT CODED,00 NOT CODED,00 NOT CODED,00 NOT CODED,00 NOT CODED,01 NO,0,0,0,0,1,0,2,1,N,N,N,N,Y,N,N,N,N,N,N,N,N,N,N,N,N,N,N,N,N,N,N,N,N,N,26.64644509,-80.045317339,595016.0875,2947631.8033,C,U,ARBM15Q1R2,"March 1, 2022",2637727,-8910604.262807375,3079369.3635139735
2019880979140,2019,880979140,FHPL19OFF017991,FLORIDA HIGHWAY PATROL,04 FOURTH,PALM BEACH,"March 16, 2019",0734,SUNDAY,9394 WEST PALM BEACH,0694,Y,I 95,OKEECHOBEE BLVD,0.019,S,26.703403,-80.0732526,26.7055418,-80.0729783,93220061,0.157,01757,SR 9,I 95,R RIGHT,X RAMP,N NORTH,07 RAMP URBAN,01 INTERSTATE,01 NON-JUNCTION,03 SHOULDER,01 NOT AT INTERSECTION,01 PAVED,0,"December 31, 2000",,12,CURB&GUTTER,6,CURB&GUTTER,2,,0,,13000,RCI,3.3,,,3 NO-INCAPACITATING INJURY,31 Q/C COMPLETED - LOC VERIFIED,0 NO,08 EXIT RAMP,01 DAYLIGHT,02 CLOUDY,02 WET,01 LEVEL,2 CURVE RIGHT,ONE-WAY TRAFFICWAY,,NO CONTROLS,NOT CODED,1,NONE,NOT CODED,NOT CODED,NONE,NOT CODED,NOT CODED,27 GUARDRAIL FACE,88 UNKNOWN,01 STRAIGHT AHEAD,DROVE TOO FAST FOR CONDITIONS,NOT CODED,00 NOT CODED,00 NOT CODED,00 NOT CODED,00 NOT CODED,01 NO,1,0,0,0,1,0,1,1,N,N,N,N,Y,Y,N,N,N,N,N,Y,N,N,N,N,N,N,N,N,N,N,N,N,N,N,26.705551272,-80.07298409,592214.81187,2954158.290334,O,,ARBM15Q1R2,"March 1, 2022",2637801,-8913684.112458227,3086732.803982612
2019881212710,2019,881212710,FHPL19OFF051597,FLORIDA HIGHWAY PATROL,04 FOURTH,PALM BEACH,"August 4, 2019",1805,MONDAY,9394 WEST PALM BEACH,0694,Y,SR 9,BELVEDERE RD,0.189,S,26.6939183,-80.0683569,26.6877856,-80.0671583,93220000,25.787,05232,SR 9,I 95,L LEFT,S SIDE OF ROAD,S SOUTH,01 INTERSTATE URBAN,01 INTERSTATE,01 NON-JUNCTION,03 SHOULDER,01 NOT AT INTERSECTION,01 PAVED,35,"June 10, 2019",11 URBAN PRIN ART INT.,74,PAVED WARN,10,,0,,0,33,210000,RCI,7.3,3D0000,65,3 NO-INCAPACITATING INJURY,31 Q/C COMPLETED - LOC VERIFIED,0 NO,01 NOT AT INTERSECTION/RRX/BRIDGE,01 DAYLIGHT,02 CLOUDY,02 WET,01 LEVEL,3 CURVE LEFT,"TWO-WAY, DIVIDED, POSITIVE MED",,NO CONTROLS,NOT CODED,11,NONE,NOT CODED,NOT CODED,NONE,NOT CODED,NOT CODED,09 OTHER NON-COLLISION,77 OTHER (SEE NARRATIVE),01 STRAIGHT AHEAD,NO CONTRIBUTING ACTION,NOT CODED,00 NOT CODED,00 NOT CODED,00 NOT CODED,00 NOT CODED,01 NO,1,0,0,0,1,0,1,1,N,N,N,N,Y,N,N,N,N,N,N,N,N,N,N,N,N,N,N,N,N,N,N,N,N,N,26.687525284,-80.067683863,592756.676676,2952165.518439,L,,ARBM15Q1R2,"March 1, 2022",2637943,-8913094.093695214,3084486.724201857
2019879597880,2019,879597880,20190000581,COUNTY SHERIFF'S OFFICE,04 FOURTH,PALM BEACH,"January 9, 2019",0851,THURSDAY,9394 WEST PALM BEACH,0694,Y,OKEECHOBEE BLVD,PARKER AVE,0.009,W,0,0,26.7058554,-80.0615892,93280000,8.603,01766,SR 704,,R RIGHT,2 THRU LANE 2,0,30 URBAN 6+LN 2WY DIVD RASD,03 STATE,01 NON-JUNCTION,01 ON ROADWAY,01 NOT AT INTERSECTION,03 CURB,34,"May 2, 2017",16 URBAN MINOR ART,43,PAVED,4,CURB&GUTTER,2,,0,31,70000,RCI,3.3,,35,1 NO INJURY,31 Q/C COMPLETED - LOC VERIFIED,0 NO,03 INFLUENCED BY INTERSECTION,01 DAYLIGHT,01 CLEAR,01 DRY,00 NOT CODED,0 NOT CODED,NOT CODED,"TWO-WAY, DIVIDED, POSITIVE MED",NOT CODED,NO CONTROLS,8,NONE,NOT CODED,NOT CODED,NONE,NOT CODED,NOT CODED,14 MOTOR VEHICLE IN TRANSPORT,"04 SIDESWIPE, SAME DIRECTION",00 NOT CODED,NOT CODED,NO CONTRIBUTING ACTION,00 NOT CODED,00 NOT CODED,00 NOT CODED,00 NOT CODED,01 NO,0,0,0,0,2,0,2,2,N,N,N,Y,N,N,N,N,N,N,N,N,N,N,N,N,N,N,N,N,N,N,N,N,N,N,26.705823575,-80.061623733,593344.720512,2954196.720026,R,,ARBM15Q1R2,"March 1, 2022",2638256,-8912419.482949907,3086766.7363543613
2019879597900,2019,879597900,20190000587,COUNTY SHERIFF'S OFFICE,04 FOURTH,PALM BEACH,"January 9, 2019",0943,THURSDAY,9394 WEST PALM BEACH,0694,Y,N AUSTRALIAN AVE,36TH ST,0,E,0,0,26.745842,-80.069758,93025501,1.493,,,,I INTERSECTION,M MIDDLE,0,,05 LOCAL,02 INTERSECTION,01 ON ROADWAY,01 NOT AT INTERSECTION,03 CURB,0,"December 31, 2000",,,,0,,0,,0,,,RCI,0,,,1 NO INJURY,33 Q/C VERIFIED AS OFF-SYSTEM,0 NO,02 AT INTERSECTION,01 DAYLIGHT,01 CLEAR,01 DRY,00 NOT CODED,0 NOT CODED,NOT CODED,"TWO-WAY, DIVIDED, POSITIVE MED",NOT CODED,TRAFFIC CONTROL SIGNAL,,NONE,NOT CODED,NOT CODED,NONE,NOT CODED,NOT CODED,14 MOTOR VEHICLE IN TRANSPORT,03 ANGLE,00 NOT CODED,NOT CODED,NO CONTRIBUTING ACTION,00 NOT CODED,00 NOT CODED,00 NOT CODED,00 NOT CODED,01 NO,0,0,0,0,2,0,2,2,N,N,N,Y,N,N,N,N,N,N,N,N,N,N,N,N,N,N,N,N,N,N,N,N,N,N,26.745842,-80.069757329,592503.222581,2958623.376884,R,U,ARBM15Q1R2,"March 1, 2022",2638257,-8913324.911100106,3091754.4077561884
2019879597960,2019,879597960,20190000604,COUNTY SHERIFF'S OFFICE,04 FOURTH,PALM BEACH,"January 9, 2019",1410,THURSDAY,9394 WEST PALM BEACH,0694,Y,PARKER AVE,RIDGEWOOD DR,0,E,0,0,26.683608,-80.0627,93027500,1.957,,,,I INTERSECTION,M MIDDLE,S SOUTH,,05 LOCAL,02 INTERSECTION,01 ON ROADWAY,03 T-INTERSECTION,03 CURB,0,"December 31, 2000",,,,0,,0,,0,,,RCI,0,,,2 POSSIBLE INJURY,33 Q/C VERIFIED AS OFF-SYSTEM,0 NO,02 AT INTERSECTION,01 DAYLIGHT,02 CLOUDY,01 DRY,01 LEVEL,1 STRAIGHT,"TWO-WAY, DIVIDED, POSITIVE MED","TWO-WAY, DIVIDED, POSITIVE MED",NO CONTROLS,NO CONTROLS,,NONE,NOT CODED,NOT CODED,NONE,NOT CODED,NOT CODED,14 MOTOR VEHICLE IN TRANSPORT,03 ANGLE,03 TURNING LEFT,FAILED TO YIELD RIGHT-OF-WAY,NO CONTRIBUTING ACTION,00 NOT CODED,00 NOT CODED,00 NOT CODED,00 NOT CODED,01 NO,1,0,0,0,2,0,2,2,N,N,N,Y,N,N,N,N,N,N,N,N,N,N,N,N,N,N,N,N,N,N,N,N,N,N,26.683605081,-80.062697333,593256.0064,2951734.9401,C,U,ARBM15Q1R2,"March 1, 2022",2638258,-8912538.995480193,3083998.304848564
2019879596440,2019,879596440,20190000028,COUNTY SHERIFF'S OFFICE,04 FOURTH,PALM BEACH,"December 31, 2018",1041,TUESDAY,9394 WEST PALM BEACH,0694,Y,OKEECHOBEE BLVD,CHILLINGWORTH DR,0.028,E,0,0,26.7061935,-80.0814768,93280000,7.37,01745,SR 704,,L LEFT,4 THRU LANE 4,W WEST,30 URBAN 6+LN 2WY DIVD RASD,03 STATE,01 NON-JUNCTION,01 ON ROADWAY,01 NOT AT INTERSECTION,03 CURB,34,"May 2, 2017",14 URBAN PRIN ART OTHER,43,PAVED,3,CURB&GUTTER,2,,0,19,53000,RCI,3.3,,45,1 NO INJURY,31 Q/C COMPLETED - LOC VERIFIED,0 NO,03 INFLUENCED BY INTERSECTION,01 DAYLIGHT,01 CLEAR,01 DRY,01 LEVEL,1 STRAIGHT,"TWO-WAY, DIVIDED, POSITIVE MED","TWO-WAY, DIVIDED, POSITIVE MED",NO CONTROLS,NO CONTROLS,8,NONE,NOT CODED,NOT CODED,NONE,NOT CODED,NOT CODED,14 MOTOR VEHICLE IN TRANSPORT,03 ANGLE,05 TURNING RIGHT,FAILED TO YIELD RIGHT-OF-WAY,NO CONTRIBUTING ACTION,00 NOT CODED,00 NOT CODED,00 NOT CODED,00 NOT CODED,01 NO,0,0,0,0,2,0,2,3,N,N,N,Y,N,N,N,N,N,N,N,N,N,N,N,N,N,N,N,N,N,Y,N,N,N,Y,26.706340591,-80.08125756,591391.136719,2954239.759396,L,,ARBM15Q1R2,"March 1, 2022",2638270,-8914605.11119872,3086831.162996583
2019879598570,2019,879598570,20190000819,COUNTY SHERIFF'S OFFICE,04 FOURTH,PALM BEACH,"January 13, 2019",0011,MONDAY,9394 WEST PALM BEACH,0694,Y,N TAMARIND AVE,CLEMATIS ST,0,N,0,0,26.713572,-80.061962,93027501,1.597,,,,I INTERSECTION,M MIDDLE,S SOUTH,,05 LOCAL,02 INTERSECTION,01 ON ROADWAY,03 T-INTERSECTION,03 CURB,0,"December 31, 2000",,,,0,,0,,0,,,RCI,0,,,2 POSSIBLE INJURY,33 Q/C VERIFIED AS OFF-SYSTEM,0 NO,02 AT INTERSECTION,04 DARK-LIGHTED,01 CLEAR,01 DRY,01 LEVEL,1 STRAIGHT,"TWO-WAY, NOT DIVIDED","TWO-WAY, NOT DIVIDED",NO CONTROLS,NO CONTROLS,,NONE,NONE,NOT CODED,NONE,NOT CODED,NOT CODED,14 MOTOR VEHICLE IN TRANSPORT,03 ANGLE,03 TURNING LEFT,FAILED TO YIELD RIGHT-OF-WAY,NO CONTRIBUTING ACTION,00 NOT CODED,00 NOT CODED,00 NOT CODED,00 NOT CODED,01 NO,1,0,0,0,2,0,2,3,N,N,N,Y,N,N,N,N,N,N,N,N,N,N,N,N,N,N,N,N,N,N,N,N,N,N,26.713575074,-80.061967333,593304.2206,2955055.052,C,U,ARBM15Q1R2,"March 1, 2022",2638271,-8912457.732352173,3087732.7025907184
2019880845880,2019,880845880,FHPL19OFF018426,FLORIDA HIGHWAY PATROL,04 FOURTH,PALM BEACH,"March 18, 2019",0630,TUESDAY,9394 WEST PALM BEACH,0694,N,I 95,OKEECHOBEE BLVD,0.189,N,26.7048415,-80.0759038,26.7050167,-80.0763098,93220148,0.373,04905,SR 9,I 95,L LEFT,X RAMP,S SOUTH,07 RAMP URBAN,01 INTERSTATE,14 ENTRANCE/EXIT RAMP,01 ON ROADWAY,01 NOT AT INTERSECTION,01 PAVED,0,"December 31, 2000",,15,PAVED,12,,0,,0,,11500,RCI,3.3,,,1 NO INJURY,31 Q/C COMPLETED - LOC VERIFIED,0 NO,07 ENTRANCE RAMP,05 DARK-NOT LIGHTED,03 RAIN,02 WET,04 DOWNHILL,2 CURVE RIGHT,ONE-WAY TRAFFICWAY,,NO CONTROLS,NOT CODED,1,NONE,NOT CODED,NOT CODED,NONE,NOT CODED,NOT CODED,09 OTHER NON-COLLISION,77 OTHER (SEE NARRATIVE),01 STRAIGHT AHEAD,NO CONTRIBUTING ACTION,NOT CODED,00 NOT CODED,00 NOT CODED,00 NOT CODED,00 NOT CODED,01 NO,0,0,0,0,1,0,1,1,N,N,N,N,Y,N,N,N,N,N,N,N,N,N,N,N,N,N,N,N,N,N,N,N,N,N,26.70500252,-80.076314847,591883.908329,2954095.103582,O,,ARBM15Q1R2,"March 1, 2022",2638335,-8914054.890767777,3086664.422931086
2019880871920,2019,880871920,FHPL19OFF026851,FLORIDA HIGHWAY PATROL,04 FOURTH,PALM BEACH,"April 24, 2019",0445,THURSDAY,9394 WEST PALM BEACH,0694,N,I 95,SOUTHERN BLVD,0.25,S,26.687622,-80.0672131,26.6717223,-80.0701035,93220000,24.651,02220,SR 9,I 95,M MEDIAN,M MIDDLE,S SOUTH,01 INTERSTATE URBAN,01 INTERSTATE,01 NON-JUNCTION,04 MEDIAN,01 NOT AT INTERSECTION,01 PAVED,36,"June 10, 2019",11 URBAN PRIN ART INT.,76,PAVED WARN,10,VALLEY GUTR,3,,0,33,253000,RCI,7.3,,65,1 NO INJURY,31 Q/C COMPLETED - LOC VERIFIED,0 NO,01 NOT AT INTERSECTION/RRX/BRIDGE,04 DARK-LIGHTED,01 CLEAR,01 DRY,01 LEVEL,2 CURVE RIGHT,"TWO-WAY, DIVIDED, POSITIVE MED",,NO CONTROLS,NOT CODED,11,NONE,NOT CODED,NOT CODED,NONE,NOT CODED,NOT CODED,30 CONCRETE TRAFFIC BARRIER,77 OTHER (SEE NARRATIVE),01 STRAIGHT AHEAD,NO CONTRIBUTING ACTION,NOT CODED,00 NOT CODED,00 NOT CODED,00 NOT CODED,00 NOT CODED,01 NO,0,0,0,0,1,0,1,1,N,N,N,N,Y,N,N,N,N,N,N,N,N,N,N,N,N,N,N,N,N,N,N,N,N,N,26.671488812,-80.070173117,592521.950225,2950387.463744,R,,ARBM15Q1R2,"March 1, 2022",2638443,-8913371.196266694,3082488.8411774333
2019872676890,2019,872676890,FHPL19OFF026404,FLORIDA HIGHWAY PATROL,04 FOURTH,PALM BEACH,"April 22, 2019",0710,TUESDAY,9394 WEST PALM BEACH,0694,N,JOG RD,SR 710,0.001,N,26.79954,-80.13706,26.7999508,-80.1376704,93310000,18.251,03993,SR 710,,T SIDE RD LEFT,1 THRU LANE 1,W WEST,23 SUBURBAN 4-5LN 2WY DIVD RASD,05 LOCAL,02 INTERSECTION,01 ON ROADWAY,02 FOUR-WAY INTERSECTION,03 CURB,38,"January 8, 2019",14 URBAN PRIN ART OTHER,24,PAVED,4,LAWN,12,,0,47,26500,RCI,11.7,,55,4 INCAPACITATING INJURY,31 Q/C COMPLETED - LOC VERIFIED,0 NO,02 AT INTERSECTION,01 DAYLIGHT,01 CLEAR,01 DRY,01 LEVEL,1 STRAIGHT,"TWO-WAY, DIVIDED, POSITIVE MED","TWO-WAY, DIVIDED, POSITIVE MED",TRAFFIC CONTROL SIGNAL,TRAFFIC CONTROL SIGNAL,4,NONE,NOT CODED,NOT CODED,NONE,NOT CODED,NOT CODED,01 OVERTURN/ROLLOVER,77 OTHER (SEE NARRATIVE),14 SLOWING,OPERATED MV IN CARLESS OR NEGL,NO CONTRIBUTING ACTION,00 NOT CODED,00 NOT CODED,00 NOT CODED,00 NOT CODED,01 NO,4,0,4,0,3,0,3,4,N,N,Y,Y,N,N,N,N,N,N,N,N,N,N,N,N,N,N,N,N,N,Y,N,N,N,Y,26.80024412,-80.137754855,585700.387314,2964601.521179,L,,ARBM15Q1R2,"March 1, 2022",2638639,-8920894.363444693,3098537.59864914
2019881064690,2019,881064690,FHPL19OFF039889,FLORIDA HIGHWAY PATROL,04 FOURTH,PALM BEACH,"June 16, 2019",1621,MONDAY,9394 WEST PALM BEACH,0694,Y,SR 9,OKEECHOBEE BLVD,0.009,S,26.7060199,-80.07304,26.7056242,-80.0728456,93220061,0.167,01757,SR 9,I 95,R RIGHT,X RAMP,N NORTH,07 RAMP URBAN,01 INTERSTATE,01 NON-JUNCTION,01 ON ROADWAY,01 NOT AT INTERSECTION,01 PAVED,0,"December 31, 2000",,12,CURB&GUTTER,6,CURB&GUTTER,2,,0,,13000,RCI,3.3,,,1 NO INJURY,31 Q/C COMPLETED - LOC VERIFIED,0 NO,08 EXIT RAMP,01 DAYLIGHT,03 RAIN,02 WET,01 LEVEL,3 CURVE LEFT,ONE-WAY TRAFFICWAY,ONE-WAY TRAFFICWAY,TRAFFIC CONTROL SIGNAL,NO CONTROLS,1,NONE,NOT CODED,NOT CODED,NONE,NOT CODED,NOT CODED,14 MOTOR VEHICLE IN TRANSPORT,77 OTHER (SEE NARRATIVE),03 TURNING LEFT,OPERATED MV IN CARLESS OR NEGL,NO CONTRIBUTING ACTION,00 NOT CODED,00 NOT CODED,00 NOT CODED,00 NOT CODED,01 NO,0,0,0,0,2,0,2,2,N,N,N,N,Y,N,N,N,N,N,N,N,N,N,N,N,N,N,N,N,N,N,N,N,N,N,26.705636742,-80.072852662,592227.817448,2954167.852305,O,,ARBM15Q1R2,"March 1, 2022",2638900,-8913669.482090937,3086743.45456761