Crash Id,Calendar Year,FDOT Crash Number,Reporting Agency Case Number,Reporting Agency Type,FDOT Managing District,County Name,Crash Date,Crash Time,Day,DHSMV City,Crash Report City Code,In Town,On Roadway Name,Int Roadway Name,Reference Distance (Miles),Reference Direction,Officer Latitude,Officer Longitude,FDOT Latitude,FDOT Longitude,FDOT Roadway,Nearest Inventory MP,Nearest Node From Crash,State Road #,US Highway,Crash Side of Road,Accident Lane Number,Travel Direction Vehicle 1,FDOT Road Category,DHSMV Road System Id,Relation to Junction,Crash Harmful Event Location,Intersection Type,Shoulder Type,FDOT Roadway SKID Test Result,FDOT Roadway SKID Test Date,Functional Class,RCI Surface Width,RCI Shoulder Type First,RCI Shoulder Width First,RCI Shoulder Type Second,RCI Shoulder Width Second,RCI Shoulder Type Third,RCI Shoulder Width Third,RCI Median Width,Avg Daily Traffic,AADT Source,RCI Avg Per Truck Traffic,RCI Horiz Curve Condition,Posted Speed Limit,Highest Injury in Crash,CAR Status Code,Alcohols/Drug Involved,Site Location,Lighting,Weather,Road Surface,Roadway Grade,Roadway Alignment,Traffic Way Vehicle 1,Traffic Way Vehicle 2,Traffic Control Vehicle 1,Traffic Control Vehicle 2,Count of Lanes,Road Condition 1,Road Condition 2,Road Condition 3,Environment Condition 1,Environment Condition 2,Environment Condition 3,Crash Harmful Event,Manner of Collision,Vehicle Movement,Driver Action Vehicle 1,Driver Action Vehicle 2,Location Within Workzone,Type of Workzone,Workers Present in Workzone,Law Enforcement Present in Workzone,School Bus Related,Count of Nonfatal Injuries,Count of Traffic Fatalities,Count of Serious Injuries,Count of Pedestrians,Count of Drivers,Count of Bicyclists,Count of Vehicles,Count of Persons,Wrong Way,Workzone Inv,Commercial Vehicle Inv,Intersection Inv,Lane Departure,Speeding,Agressive Driving,Impaired Driver,Impaired Pedestrian,Impaired Bicyclist,Distracted Driver,Speeding or Aggressive Driving,Pedestrian Related,Bicyclist Related,Pedestrian or Bicyclist Related,Motorcycle Inv,No Belt,No Belt - Ages 1-4,No Belt - Ages 5-12,No Belt - Ages 13-17,Driver - Ages Teen,Driver - Ages 65 plus,Driver - Ages 65-69,Driver - Ages 70-74,Driver - Ages 75-79,Driver - Ages 80 plus,ARBM Latitude,ARBM Longitude,UTM Zone 17N X,UTM Zone 17N Y,ARBM Side of Road,Urban Rural Indicator,GIS Street Source,Extract Date,OBJECTID,x,y
2019881123550,2019,881123550,FHPK19OFF050566,FLORIDA HIGHWAY PATROL,08 TURNPIKE,PALM BEACH,"August 29, 2019",1130,FRIDAY,9394 WEST PALM BEACH,0694,N,SR 91,SR 704,5,N,26.77994,-80.13248,26.7789655,-80.1325445,93470000,31.816,01454,SR 91,,R RIGHT,1 THRU LANE 1,N NORTH,03 TOLL ROAD URBAN,06 TURNPIKE/TOLL,01 NON-JUNCTION,01 ON ROADWAY,01 NOT AT INTERSECTION,01 PAVED,34,"July 15, 2019",12 URBAN PRIN ART EXPR.,24,PAVED WARN,10,LAWN,12,,0,20,72800,RCI,15.5,,70,1 NO INJURY,31 Q/C COMPLETED - LOC VERIFIED,0 NO,01 NOT AT INTERSECTION/RRX/BRIDGE,01 DAYLIGHT,01 CLEAR,01 DRY,01 LEVEL,1 STRAIGHT,"TWO-WAY, DIVIDED, POSITIVE MED","TWO-WAY, DIVIDED, POSITIVE MED",NO CONTROLS,NO CONTROLS,4,NONE,NOT CODED,NOT CODED,NONE,NOT CODED,NOT CODED,14 MOTOR VEHICLE IN TRANSPORT,01 FRONT TO REAR,01 STRAIGHT AHEAD,FOLLOWED TOO CLOSELY,NO CONTRIBUTING ACTION,00 NOT CODED,00 NOT CODED,00 NOT CODED,00 NOT CODED,01 NO,0,0,0,0,2,0,2,2,N,N,N,N,N,N,N,N,N,N,N,N,N,N,N,N,N,N,N,N,N,N,N,N,N,N,26.77887269,-80.132551146,586233.772855,2962237.867536,R,,ARBM15Q1R2,"March 1, 2022",2646334,-8920315.08892585,3095872.4897004245
2019881868750,2019,881868750,FHPL19OFF058593,FLORIDA HIGHWAY PATROL,04 FOURTH,PALM BEACH,"September 3, 2019",0630,WEDNESDAY,9394 WEST PALM BEACH,0694,N,I 95,SOUTHERN BLVD,0.5,S,26.65531,-80.0693899,26.66813,-80.0706946,93220000,24.401,04275,SR 9,I 95,M MEDIAN,M MIDDLE,N NORTH,01 INTERSTATE URBAN,01 INTERSTATE,01 NON-JUNCTION,01 ON ROADWAY,01 NOT AT INTERSECTION,01 PAVED,36,"June 10, 2019",11 URBAN PRIN ART INT.,76,PAVED WARN,10,,0,,0,33,253000,RCI,7.3,0D3000,65,2 POSSIBLE INJURY,31 Q/C COMPLETED - LOC VERIFIED,0 NO,01 NOT AT INTERSECTION/RRX/BRIDGE,03 DAWN,01 CLEAR,01 DRY,01 LEVEL,1 STRAIGHT,"TWO-WAY, DIVIDED, POSITIVE MED",,NO CONTROLS,NOT CODED,11,NONE,NOT CODED,NOT CODED,NONE,NOT CODED,NOT CODED,30 CONCRETE TRAFFIC BARRIER,77 OTHER (SEE NARRATIVE),01 STRAIGHT AHEAD,OPERATED MV IN CARLESS OR NEGL,NOT CODED,00 NOT CODED,00 NOT CODED,00 NOT CODED,00 NOT CODED,01 NO,1,0,0,0,1,0,1,1,N,N,N,N,Y,N,N,N,N,N,N,N,N,N,N,N,N,N,N,N,N,N,N,N,N,N,26.667890502,-80.07073941,592468.500256,2949988.494515,R,,ARBM15Q1R2,"March 1, 2022",2646490,-8913434.235578787,3082040.5890641804
2019881834500,2019,881834500,FHPL19OFF060892,FLORIDA HIGHWAY PATROL,04 FOURTH,PALM BEACH,"September 13, 2019",0955,SATURDAY,9394 WEST PALM BEACH,0694,N,I 95,FOREST HILL BLVD,0.019,S,26.6550283,-80.068818,26.6550533,-80.0688168,93220050,0.217,03154,SR 9,I 95,R RIGHT,X RAMP,N NORTH,07 RAMP URBAN,01 INTERSTATE,14 ENTRANCE/EXIT RAMP,01 ON ROADWAY,03 T-INTERSECTION,01 PAVED,0,"December 31, 2000",,12,PAVED,10,LAWN,12,,0,,11500,RCI,2.7,,,3 NO-INCAPACITATING INJURY,31 Q/C COMPLETED - LOC VERIFIED,0 NO,08 EXIT RAMP,01 DAYLIGHT,01 CLEAR,01 DRY,01 LEVEL,1 STRAIGHT,ONE-WAY TRAFFICWAY,ONE-WAY TRAFFICWAY,TRAFFIC CONTROL SIGNAL,TRAFFIC CONTROL SIGNAL,1,NONE,NOT CODED,NOT CODED,NONE,NOT CODED,NOT CODED,14 MOTOR VEHICLE IN TRANSPORT,03 ANGLE,06 CHANGING LANES,FAILED TO KEEP IN PROPER LANE,NO CONTRIBUTING ACTION,00 NOT CODED,00 NOT CODED,00 NOT CODED,00 NOT CODED,01 NO,3,0,0,0,3,0,3,4,N,N,N,N,Y,N,N,N,N,N,N,N,N,N,N,N,N,N,N,N,N,Y,Y,N,N,N,26.655055088,-80.068817332,592670.1405,2948568.2033,O,,ARBM15Q1R2,"March 1, 2022",2646514,-8913220.27083688,3080441.7585703926
2019881658760,2019,881658760,FHPL19OFF057062,FLORIDA HIGHWAY PATROL,04 FOURTH,PALM BEACH,"August 27, 2019",1804,WEDNESDAY,9394 WEST PALM BEACH,0694,Y,I 95,PALM BEACH LAKES BLVD,0.03,N,26.7189599,-80.08946,26.4719385,-80.0886832,93220000,10.654,05030,SR 9,I 95,L LEFT,2 THRU LANE 2,S SOUTH,01 INTERSTATE URBAN,01 INTERSTATE,01 NON-JUNCTION,01 ON ROADWAY,01 NOT AT INTERSECTION,01 PAVED,39,"June 10, 2019",11 URBAN PRIN ART INT.,62,PAVED WARN,9,VALLEY GUTR,3,,0,33,198560,RCI,5.9,,65,1 NO INJURY,31 Q/C COMPLETED - LOC VERIFIED,0 NO,01 NOT AT INTERSECTION/RRX/BRIDGE,02 DUSK,01 CLEAR,01 DRY,01 LEVEL,1 STRAIGHT,"TWO-WAY, DIVIDED, POSITIVE MED","TWO-WAY, DIVIDED, POSITIVE MED",NO CONTROLS,NO CONTROLS,10,NONE,NOT CODED,NOT CODED,NONE,NOT CODED,NOT CODED,14 MOTOR VEHICLE IN TRANSPORT,01 FRONT TO REAR,01 STRAIGHT AHEAD,OPERATED MV IN CARLESS OR NEGL,NO CONTRIBUTING ACTION,00 NOT CODED,00 NOT CODED,00 NOT CODED,00 NOT CODED,01 NO,0,0,0,0,2,0,2,3,N,N,N,N,N,N,N,N,N,N,N,N,N,N,N,N,N,N,N,N,N,Y,N,N,Y,N,26.471550662,-80.08911718,590794.331344,2928228.529979,L,,ARBM15Q1R2,"March 1, 2022",2647048,-8915480.03973233,3057603.3129963633
2019881646230,2019,881646230,FHPL19OFF070891,FLORIDA HIGHWAY PATROL,04 FOURTH,PALM BEACH,"October 25, 2019",1644,SATURDAY,9394 WEST PALM BEACH,0694,N,I 95,45TH ST,0.2,S,26.7537225,-80.0898057,26.7560056,-80.0900358,93220000,31.015,01219,SR 9,I 95,M MEDIAN,M MIDDLE,N NORTH,01 INTERSTATE URBAN,01 INTERSTATE,01 NON-JUNCTION,01 ON ROADWAY,01 NOT AT INTERSECTION,01 PAVED,36,"June 10, 2019",11 URBAN PRIN ART INT.,76,PAVED WARN,10,,0,,0,33,230000,RCI,7.3,1D1500,65,1 NO INJURY,31 Q/C COMPLETED - LOC VERIFIED,0 NO,01 NOT AT INTERSECTION/RRX/BRIDGE,01 DAYLIGHT,03 RAIN,02 WET,01 LEVEL,1 STRAIGHT,"TWO-WAY, DIVIDED, POSITIVE MED",,NO CONTROLS,NOT CODED,11,NONE,NOT CODED,NOT CODED,NONE,NOT CODED,NOT CODED,14 MOTOR VEHICLE IN TRANSPORT,77 OTHER (SEE NARRATIVE),01 STRAIGHT AHEAD,OTHER CONTRIBUTING ACTION,NOT CODED,00 NOT CODED,00 NOT CODED,00 NOT CODED,00 NOT CODED,01 NO,0,0,0,0,1,0,1,2,N,N,N,N,Y,N,N,N,N,N,N,N,N,N,N,N,N,N,N,N,N,N,N,N,N,N,26.755864691,-80.090004291,590481.827508,2959718.974094,R,,ARBM15Q1R2,"March 1, 2022",2647099,-8915578.793296915,3093003.854422138
2019881123390,2019,881123390,FHPK19OFF019354,FLORIDA HIGHWAY PATROL,08 TURNPIKE,PALM BEACH,"April 4, 2019",0700,FRIDAY,9394 WEST PALM BEACH,0694,N,SR 91,SR 704,2,N,26.7406393,-80.1348076,26.7354594,-80.1350143,93470000,28.816,05005,SR 91,,L LEFT,1 THRU LANE 1,S SOUTH,03 TOLL ROAD URBAN,06 TURNPIKE/TOLL,01 NON-JUNCTION,01 ON ROADWAY,01 NOT AT INTERSECTION,01 PAVED,35,"July 15, 2019",12 URBAN PRIN ART EXPR.,24,PAVED WARN,10,LAWN,12,,0,20,72800,RCI,15.5,,70,1 NO INJURY,31 Q/C COMPLETED - LOC VERIFIED,0 NO,01 NOT AT INTERSECTION/RRX/BRIDGE,01 DAYLIGHT,01 CLEAR,01 DRY,01 LEVEL,1 STRAIGHT,"TWO-WAY, DIVIDED, POSITIVE MED","TWO-WAY, DIVIDED, POSITIVE MED",NO CONTROLS,NO CONTROLS,4,NONE,NOT CODED,NOT CODED,NONE,NOT CODED,NOT CODED,14 MOTOR VEHICLE IN TRANSPORT,"04 SIDESWIPE, SAME DIRECTION",06 CHANGING LANES,IMPROPER PASSING,NO CONTRIBUTING ACTION,00 NOT CODED,00 NOT CODED,00 NOT CODED,00 NOT CODED,01 NO,0,0,0,0,2,0,2,2,N,N,Y,N,Y,N,N,N,N,N,N,N,N,N,N,N,N,N,N,N,N,N,N,N,N,N,26.735214858,-80.135171493,586006.133515,2957400.422967,L,,ARBM15Q1R2,"March 1, 2022",2647488,-8920606.784640435,3090429.7293009185
2019881371010,2019,881371010,FHPL19OFF042181,FLORIDA HIGHWAY PATROL,04 FOURTH,PALM BEACH,"June 26, 2019",1242,THURSDAY,9394 WEST PALM BEACH,0694,Y,I 95,SOUTHERN BLVD,0.028,N,26.67633,-80.06985,26.6760534,-80.0694939,93220000,24.952,05229,SR 9,I 95,L LEFT,S SIDE OF ROAD,S SOUTH,01 INTERSTATE URBAN,01 INTERSTATE,14 ENTRANCE/EXIT RAMP,07 SEPARATOR,01 NOT AT INTERSECTION,01 PAVED,35,"June 10, 2019",11 URBAN PRIN ART INT.,64,PAVED WARN,10,LAWN,12,,0,33,253000,RCI,7.3,,65,2 POSSIBLE INJURY,31 Q/C COMPLETED - LOC VERIFIED,0 NO,01 NOT AT INTERSECTION/RRX/BRIDGE,01 DAYLIGHT,01 CLEAR,01 DRY,03 UPHILL,3 CURVE LEFT,"TWO-WAY, DIVIDED, POSITIVE MED",,OTHER (SEE NARRATIVE),NOT CODED,10,NONE,NOT CODED,NOT CODED,NONE,NOT CODED,NOT CODED,28 GUARDRAIL END,77 OTHER (SEE NARRATIVE),06 CHANGING LANES,FAILED TO KEEP IN PROPER LANE,NOT CODED,00 NOT CODED,00 NOT CODED,00 NOT CODED,00 NOT CODED,01 NO,1,0,0,0,1,0,1,1,N,N,N,N,Y,N,N,N,N,N,Y,N,N,N,N,N,N,N,N,N,Y,N,N,N,N,N,26.675735335,-80.069856889,592549.989929,2950858.050096,L,,ARBM15Q1R2,"March 1, 2022",2647587,-8913335.993921367,3083017.8614344588
2019881834570,2019,881834570,FHPL19OFF062564,FLORIDA HIGHWAY PATROL,04 FOURTH,PALM BEACH,"September 20, 2019",1333,SATURDAY,9394 WEST PALM BEACH,0694,N,I 95,FOREST HILL BLVD,0.413,S,26.649517,-80.0681798,26.6493687,-80.0681436,93220000,23.095,02260,SR 9,I 95,R RIGHT,4 THRU LANE 4,N NORTH,01 INTERSTATE URBAN,01 INTERSTATE,01 NON-JUNCTION,01 ON ROADWAY,01 NOT AT INTERSECTION,01 PAVED,34,"June 10, 2019",11 URBAN PRIN ART INT.,65,PAVED WARN,10,,0,,0,33,228000,RCI,7.3,,65,2 POSSIBLE INJURY,31 Q/C COMPLETED - LOC VERIFIED,0 NO,01 NOT AT INTERSECTION/RRX/BRIDGE,01 DAYLIGHT,02 CLOUDY,01 DRY,01 LEVEL,1 STRAIGHT,"TWO-WAY, DIVIDED, POSITIVE MED","TWO-WAY, DIVIDED, POSITIVE MED",NO CONTROLS,NO CONTROLS,10,NONE,NOT CODED,NOT CODED,NONE,NOT CODED,NOT CODED,14 MOTOR VEHICLE IN TRANSPORT,"04 SIDESWIPE, SAME DIRECTION",88 UNKNOWN,OTHER CONTRIBUTING ACTION,NO CONTRIBUTING ACTION,00 NOT CODED,00 NOT CODED,00 NOT CODED,00 NOT CODED,01 NO,1,0,0,0,2,0,2,2,N,N,N,N,Y,N,N,N,N,N,N,N,N,N,N,N,N,N,N,N,N,Y,Y,N,N,N,26.649113099,-80.068143396,592742.015349,2947910.542538,R,,ARBM15Q1R2,"March 1, 2022",2647621,-8913145.248615881,3079701.6614383524
2019881834580,2019,881834580,FHPL19OFF062706,FLORIDA HIGHWAY PATROL,04 FOURTH,PALM BEACH,"September 21, 2019",0605,SUNDAY,9394 WEST PALM BEACH,0694,N,I 95,BELVEDERE RD,0.095,S,26.6871539,-80.0675497,26.6890753,-80.0666691,93220000,25.881,05231,SR 9,I 95,R RIGHT,3 THRU LANE 3,N NORTH,01 INTERSTATE URBAN,01 INTERSTATE,01 NON-JUNCTION,01 ON ROADWAY,01 NOT AT INTERSECTION,01 PAVED,35,"June 10, 2019",11 URBAN PRIN ART INT.,74,PAVED WARN,10,,0,,0,56,210000,RCI,7.3,3D0000,65,1 NO INJURY,31 Q/C COMPLETED - LOC VERIFIED,0 NO,01 NOT AT INTERSECTION/RRX/BRIDGE,01 DAYLIGHT,01 CLEAR,01 DRY,01 LEVEL,1 STRAIGHT,"TWO-WAY, DIVIDED, POSITIVE MED","TWO-WAY, DIVIDED, POSITIVE MED",NO CONTROLS,NO CONTROLS,11,NONE,NOT CODED,NOT CODED,NONE,NOT CODED,NOT CODED,14 MOTOR VEHICLE IN TRANSPORT,03 ANGLE,06 CHANGING LANES,FAILED TO KEEP IN PROPER LANE,NO CONTRIBUTING ACTION,00 NOT CODED,00 NOT CODED,00 NOT CODED,00 NOT CODED,01 NO,0,0,0,0,2,0,2,2,N,N,Y,N,Y,N,N,N,N,N,N,N,N,N,N,N,N,N,N,N,N,N,N,N,N,N,26.688869096,-80.066772209,592846.293575,2952315.026487,R,,ARBM15Q1R2,"March 1, 2022",2647622,-8912992.608742602,3084654.1540147797
2019881395620,2019,881395620,FHPL19OFF034864,FLORIDA HIGHWAY PATROL,04 FOURTH,PALM BEACH,"May 27, 2019",0835,TUESDAY,9394 WEST PALM BEACH,0694,N,I 95,NORTHLAKE BLVD,0.028,S,26.8086799,-80.0981,26.8082087,-80.0975111,93220082,0.177,04532,SR 9,I 95,R RIGHT,X RAMP,N NORTH,07 RAMP URBAN,01 INTERSTATE,01 NON-JUNCTION,01 ON ROADWAY,01 NOT AT INTERSECTION,01 PAVED,0,"December 31, 2000",,48,PAVED,10,LAWN,5,,0,,21000,RCI,4.5,,,1 NO INJURY,31 Q/C COMPLETED - LOC VERIFIED,0 NO,08 EXIT RAMP,01 DAYLIGHT,01 CLEAR,01 DRY,01 LEVEL,1 STRAIGHT,ONE-WAY TRAFFICWAY,ONE-WAY TRAFFICWAY,NO CONTROLS,TRAFFIC CONTROL SIGNAL,4,WORK ZONE (CONST/MNT/UTLTY)NTE,NOT CODED,NOT CODED,NONE,NOT CODED,NOT CODED,14 MOTOR VEHICLE IN TRANSPORT,"04 SIDESWIPE, SAME DIRECTION",06 CHANGING LANES,FAILED TO KEEP IN PROPER LANE,NO CONTRIBUTING ACTION,00 NOT CODED,00 NOT CODED,00 NOT CODED,00 NOT CODED,01 NO,0,0,0,0,2,0,2,2,N,Y,N,N,Y,N,N,N,N,N,N,N,N,N,N,N,N,N,N,N,N,N,N,N,N,N,26.808207977,-80.097508538,589694.481815,2965511.412017,O,,ARBM15Q1R2,"March 1, 2022",2648149,-8916414.162740763,3099530.8543039104
2019881550270,2019,881550270,FHPL19OFF040029,FLORIDA HIGHWAY PATROL,04 FOURTH,PALM BEACH,"June 17, 2019",0825,TUESDAY,9394 WEST PALM BEACH,0694,Y,SR 9,SR 80,0.057,S,26.6789262,-80.0697608,26.6744856,-80.0695854,93220000,24.844,02265,SR 9,I 95,L LEFT,2 THRU LANE 2,S SOUTH,01 INTERSTATE URBAN,01 INTERSTATE,01 NON-JUNCTION,01 ON ROADWAY,01 NOT AT INTERSECTION,01 PAVED,35,"June 10, 2019",11 URBAN PRIN ART INT.,76,PAVED WARN,10,LAWN,12,LAWN,12,33,253000,RCI,7.3,,65,1 NO INJURY,31 Q/C COMPLETED - LOC VERIFIED,0 NO,01 NOT AT INTERSECTION/RRX/BRIDGE,01 DAYLIGHT,01 CLEAR,01 DRY,01 LEVEL,1 STRAIGHT,"TWO-WAY, DIVIDED, POSITIVE MED","TWO-WAY, DIVIDED, POSITIVE MED",NO CONTROLS,NO CONTROLS,11,NONE,NOT CODED,NOT CODED,NONE,NOT CODED,NOT CODED,14 MOTOR VEHICLE IN TRANSPORT,01 FRONT TO REAR,01 STRAIGHT AHEAD,OPERATED MV IN CARLESS OR NEGL,NO CONTRIBUTING ACTION,00 NOT CODED,00 NOT CODED,00 NOT CODED,00 NOT CODED,01 NO,0,0,0,0,2,0,2,2,N,N,N,N,N,N,N,N,N,N,N,N,N,N,N,N,N,N,N,N,N,N,N,N,N,N,26.674168313,-80.069963422,592540.654188,2950684.404927,L,,ARBM15Q1R2,"March 1, 2022",2648657,-8913347.853051603,3082822.6437650253
2019881132450,2019,881132450,FHPL19OFF022795,FLORIDA HIGHWAY PATROL,04 FOURTH,PALM BEACH,"April 6, 2019",1325,SUNDAY,9394 WEST PALM BEACH,0694,Y,I 95,SR 80,0.25,N,26.6865296,-80.0682612,26.6801199,-80.0694654,93220000,25.232,04919,SR 9,I 95,L LEFT,3 THRU LANE 3,S SOUTH,01 INTERSTATE URBAN,01 INTERSTATE,18 THROUGH ROADWAY,01 ON ROADWAY,01 NOT AT INTERSECTION,01 PAVED,35,"June 10, 2019",11 URBAN PRIN ART INT.,64,PAVED WARN,8,LAWN,3,,0,33,210000,RCI,7.3,1D3000,65,2 POSSIBLE INJURY,31 Q/C COMPLETED - LOC VERIFIED,0 NO,01 NOT AT INTERSECTION/RRX/BRIDGE,01 DAYLIGHT,01 CLEAR,01 DRY,01 LEVEL,1 STRAIGHT,"TWO-WAY, DIVIDED, POSITIVE MED","TWO-WAY, DIVIDED, POSITIVE MED",NO CONTROLS,NO CONTROLS,10,NONE,NOT CODED,NOT CODED,NONE,NOT CODED,NOT CODED,14 MOTOR VEHICLE IN TRANSPORT,01 FRONT TO REAR,01 STRAIGHT AHEAD,OTHER CONTRIBUTING ACTION,NO CONTRIBUTING ACTION,00 NOT CODED,00 NOT CODED,00 NOT CODED,00 NOT CODED,01 NO,1,0,0,0,2,0,2,2,N,N,N,N,N,N,N,N,N,N,N,N,N,N,N,N,N,N,N,N,N,N,N,N,N,N,26.679805249,-80.069796533,592552.709491,2951308.889477,L,,ARBM15Q1R2,"March 1, 2022",2649129,-8913329.275125585,3083524.8986792625
2019881132460,2019,881132460,FHPL19OFF023049,FLORIDA HIGHWAY PATROL,04 FOURTH,PALM BEACH,"April 7, 2019",1432,MONDAY,9394 WEST PALM BEACH,0694,Y,I 95,SR 882,0.057,S,26.6548608,-80.0696088,26.6544513,-80.0692064,93220000,23.451,02217,SR 9,I 95,L LEFT,3 THRU LANE 3,S SOUTH,01 INTERSTATE URBAN,01 INTERSTATE,18 THROUGH ROADWAY,01 ON ROADWAY,01 NOT AT INTERSECTION,01 PAVED,34,"June 10, 2019",11 URBAN PRIN ART INT.,65,PAVED WARN,10,,0,,0,33,228000,RCI,7.3,,65,1 NO INJURY,31 Q/C COMPLETED - LOC VERIFIED,0 NO,01 NOT AT INTERSECTION/RRX/BRIDGE,01 DAYLIGHT,01 CLEAR,01 DRY,01 LEVEL,1 STRAIGHT,"TWO-WAY, DIVIDED, POSITIVE MED",,NO CONTROLS,NOT CODED,10,NONE,NOT CODED,NOT CODED,NONE,NOT CODED,NOT CODED,18 OTHER NON-FIXED OBJECT,77 OTHER (SEE NARRATIVE),01 STRAIGHT AHEAD,NO CONTRIBUTING ACTION,NOT CODED,00 NOT CODED,00 NOT CODED,00 NOT CODED,00 NOT CODED,01 NO,0,0,0,0,1,0,1,1,N,N,N,N,N,N,N,N,N,N,N,N,N,N,N,N,N,N,N,N,N,N,N,N,N,N,26.654130803,-80.069456986,592607.225563,2948465.363057,L,,ARBM15Q1R2,"March 1, 2022",2649130,-8913291.47673422,3080326.6329036634
2019892553300,2019,892553300,20190016971,COUNTY SHERIFF'S OFFICE,04 FOURTH,PALM BEACH,"October 1, 2019",2239,WEDNESDAY,9394 WEST PALM BEACH,0694,Y,DIXIE HWY S,SUMMA ST E,0,,0,0,26.6506464,-80.056149,93050000,4.105,00090,SR 805,US 1,R RIGHT,1 THRU LANE 1,S SOUTH,21 URBAN 4-5LN 2WY DIVD PAVD,02 U.S.,02 INTERSECTION,01 ON ROADWAY,03 T-INTERSECTION,01 PAVED,35,"May 1, 2017",16 URBAN MINOR ART,22,CURB&GUTTER,2,,0,,0,12,23000,RCI,4,,35,2 POSSIBLE INJURY,31 Q/C COMPLETED - LOC VERIFIED,0 NO,02 AT INTERSECTION,04 DARK-LIGHTED,01 CLEAR,01 DRY,01 LEVEL,1 STRAIGHT,"TWO-WAY, NOT DIVIDED","TWO-WAY, NOT DIVIDED",NO CONTROLS,NO CONTROLS,4,NONE,NOT CODED,NOT CODED,NONE,NOT CODED,NOT CODED,14 MOTOR VEHICLE IN TRANSPORT,77 OTHER (SEE NARRATIVE),77 OTHER (SEE NARRATIVE),OPERATED MV IN CARLESS OR NEGL,NO CONTRIBUTING ACTION,00 NOT CODED,00 NOT CODED,00 NOT CODED,00 NOT CODED,01 NO,1,0,0,0,2,0,2,2,N,N,N,Y,N,N,N,N,N,N,Y,N,N,N,N,N,N,N,N,N,N,N,N,N,N,N,26.650605139,-80.056163886,593933.106376,2948084.559432,C,,ARBM15Q1R2,"March 1, 2022",2649362,-8911811.695179239,3079887.4970862395
2019892550440,2019,892550440,20190015920,COUNTY SHERIFF'S OFFICE,04 FOURTH,PALM BEACH,"September 15, 2019",1726,MONDAY,9394 WEST PALM BEACH,0694,Y,BROADWAY,49TH ST,0.025,S,0,0,26.7555463,-80.0558953,93020000,11.6,00772,SR 5,US 1,M MEDIAN,T CONTIN. TURN,E EAST,21 URBAN 4-5LN 2WY DIVD PAVD,04 COUNTY,04 DRIVEWAY/ALLEY ACCESS RELATED,01 ON ROADWAY,01 NOT AT INTERSECTION,03 CURB,45,"June 10, 2019",16 URBAN MINOR ART,21,CURB&GUTTER,2,,0,,0,17,24500,RCI,2.7,,35,3 NO-INCAPACITATING INJURY,31 Q/C COMPLETED - LOC VERIFIED,2 DRG,01 NOT AT INTERSECTION/RRX/BRIDGE,01 DAYLIGHT,01 CLEAR,01 DRY,01 LEVEL,1 STRAIGHT,"TWO-WAY, NOT DIVIDED",,NO CONTROLS,NOT CODED,4,NONE,NOT CODED,NOT CODED,NONE,NOT CODED,NOT CODED,01 OVERTURN/ROLLOVER,77 OTHER (SEE NARRATIVE),77 OTHER (SEE NARRATIVE),OTHER CONTRIBUTING ACTION,NOT CODED,00 NOT CODED,00 NOT CODED,00 NOT CODED,00 NOT CODED,01 NO,1,0,0,0,1,0,1,1,N,N,N,N,Y,N,N,Y,N,N,N,N,N,N,N,N,N,N,N,N,N,N,N,N,N,N,26.755530175,-80.055905492,593872.76215,2959706.621612,C,,ARBM15Q1R2,"March 1, 2022",2649428,-8911782.931334592,3092962.1513526863
2019892542690,2019,892542690,20190012868,COUNTY SHERIFF'S OFFICE,04 FOURTH,PALM BEACH,"July 24, 2019",1046,THURSDAY,9394 WEST PALM BEACH,0694,Y,OKEECHOBEE BLVD,JOG RD,0.095,E,0,0,26.7079154,-80.1501249,93280000,3.129,04794,SR 704,,L LEFT,1 THRU LANE 1,W WEST,30 URBAN 6+LN 2WY DIVD RASD,03 STATE,01 NON-JUNCTION,01 ON ROADWAY,01 NOT AT INTERSECTION,03 CURB,41,"May 2, 2017",14 URBAN PRIN ART OTHER,48,PAVED,4,CURB&GUTTER,2,,0,36,68000,RCI,5,,50,3 NO-INCAPACITATING INJURY,31 Q/C COMPLETED - LOC VERIFIED,0 NO,01 NOT AT INTERSECTION/RRX/BRIDGE,01 DAYLIGHT,01 CLEAR,01 DRY,01 LEVEL,1 STRAIGHT,"TWO-WAY, DIVIDED, POSITIVE MED","TWO-WAY, DIVIDED, POSITIVE MED",NO CONTROLS,NO CONTROLS,8,NONE,NOT CODED,NOT CODED,NONE,NOT CODED,NOT CODED,13 ANIMAL,01 FRONT TO REAR,01 STRAIGHT AHEAD,OPERATED MV IN CARLESS OR NEGL,NO CONTRIBUTING ACTION,00 NOT CODED,00 NOT CODED,00 NOT CODED,00 NOT CODED,01 NO,1,0,0,0,2,0,2,3,N,N,N,N,N,N,N,N,N,N,N,N,N,N,N,N,N,N,N,N,N,Y,Y,N,N,N,26.708106765,-80.150163389,584535.168721,2954387.835067,L,,ARBM15Q1R2,"March 1, 2022",2649429,-8922275.675321294,3087051.2529023285