Crash Id,Calendar Year,FDOT Crash Number,Reporting Agency Case Number,Reporting Agency Type,FDOT Managing District,County Name,Crash Date,Crash Time,Day,DHSMV City,Crash Report City Code,In Town,On Roadway Name,Int Roadway Name,Reference Distance (Miles),Reference Direction,Officer Latitude,Officer Longitude,FDOT Latitude,FDOT Longitude,FDOT Roadway,Nearest Inventory MP,Nearest Node From Crash,State Road #,US Highway,Crash Side of Road,Accident Lane Number,Travel Direction Vehicle 1,FDOT Road Category,DHSMV Road System Id,Relation to Junction,Crash Harmful Event Location,Intersection Type,Shoulder Type,FDOT Roadway SKID Test Result,FDOT Roadway SKID Test Date,Functional Class,RCI Surface Width,RCI Shoulder Type First,RCI Shoulder Width First,RCI Shoulder Type Second,RCI Shoulder Width Second,RCI Shoulder Type Third,RCI Shoulder Width Third,RCI Median Width,Avg Daily Traffic,AADT Source,RCI Avg Per Truck Traffic,RCI Horiz Curve Condition,Posted Speed Limit,Highest Injury in Crash,CAR Status Code,Alcohols/Drug Involved,Site Location,Lighting,Weather,Road Surface,Roadway Grade,Roadway Alignment,Traffic Way Vehicle 1,Traffic Way Vehicle 2,Traffic Control Vehicle 1,Traffic Control Vehicle 2,Count of Lanes,Road Condition 1,Road Condition 2,Road Condition 3,Environment Condition 1,Environment Condition 2,Environment Condition 3,Crash Harmful Event,Manner of Collision,Vehicle Movement,Driver Action Vehicle 1,Driver Action Vehicle 2,Location Within Workzone,Type of Workzone,Workers Present in Workzone,Law Enforcement Present in Workzone,School Bus Related,Count of Nonfatal Injuries,Count of Traffic Fatalities,Count of Serious Injuries,Count of Pedestrians,Count of Drivers,Count of Bicyclists,Count of Vehicles,Count of Persons,Wrong Way,Workzone Inv,Commercial Vehicle Inv,Intersection Inv,Lane Departure,Speeding,Agressive Driving,Impaired Driver,Impaired Pedestrian,Impaired Bicyclist,Distracted Driver,Speeding or Aggressive Driving,Pedestrian Related,Bicyclist Related,Pedestrian or Bicyclist Related,Motorcycle Inv,No Belt,No Belt - Ages 1-4,No Belt - Ages 5-12,No Belt - Ages 13-17,Driver - Ages Teen,Driver - Ages 65 plus,Driver - Ages 65-69,Driver - Ages 70-74,Driver - Ages 75-79,Driver - Ages 80 plus,ARBM Latitude,ARBM Longitude,UTM Zone 17N X,UTM Zone 17N Y,ARBM Side of Road,Urban Rural Indicator,GIS Street Source,Extract Date,OBJECTID,x,y
2019892542750,2019,892542750,20190012880,COUNTY SHERIFF'S OFFICE,04 FOURTH,PALM BEACH,"July 24, 2019",1607,THURSDAY,9394 WEST PALM BEACH,0694,Y,SOUTHERN BLVD,RAMP 93220155,0.002,W,0,0,26.6761101,-80.0711724,93120000,19.864,02309,SR 80,US 98,M MEDIAN,M MIDDLE,W WEST,30 URBAN 6+LN 2WY DIVD RASD,03 STATE,02 INTERSECTION,01 ON ROADWAY,01 NOT AT INTERSECTION,03 CURB,38,"June 5, 2018",14 URBAN PRIN ART OTHER,36,PAVED,4,CURB&GUTTER,2,,0,54,67000,RCI,5.9,,45,1 NO INJURY,31 Q/C COMPLETED - LOC VERIFIED,0 NO,03 INFLUENCED BY INTERSECTION,01 DAYLIGHT,03 RAIN,02 WET,01 LEVEL,1 STRAIGHT,"TWO-WAY, DIVIDED, POSITIVE MED",,NO CONTROLS,NOT CODED,6,NONE,NOT CODED,NOT CODED,NONE,NOT CODED,NOT CODED,24 CURB,77 OTHER (SEE NARRATIVE),01 STRAIGHT AHEAD,OPERATED MV IN CARLESS OR NEGL,NOT CODED,00 NOT CODED,00 NOT CODED,00 NOT CODED,00 NOT CODED,01 NO,0,0,0,0,1,0,1,1,N,N,N,Y,N,N,N,N,N,N,N,N,N,N,N,N,N,N,N,N,N,Y,N,Y,N,N,26.676105083,-80.071309365,592405.161763,2950897.95178,R,,ARBM15Q1R2,"March 1, 2022",2649430,-8913497.68275636,3083063.924525479
2019892555540,2019,892555540,20190017831,COUNTY SHERIFF'S OFFICE,04 FOURTH,PALM BEACH,"October 16, 2019",1316,THURSDAY,9394 WEST PALM BEACH,0694,Y,OKEECHOBEE BLVD,CHURCH ST,0.019,E,0,0,26.7061973,-80.081622,93280000,7.361,01746,SR 704,,R RIGHT,4 THRU LANE 4,E EAST,30 URBAN 6+LN 2WY DIVD RASD,05 LOCAL,01 NON-JUNCTION,01 ON ROADWAY,01 NOT AT INTERSECTION,03 CURB,34,"May 2, 2017",14 URBAN PRIN ART OTHER,43,PAVED,3,CURB&GUTTER,2,,0,19,53000,RCI,3.3,,45,3 NO-INCAPACITATING INJURY,31 Q/C COMPLETED - LOC VERIFIED,0 NO,01 NOT AT INTERSECTION/RRX/BRIDGE,01 DAYLIGHT,01 CLEAR,01 DRY,01 LEVEL,1 STRAIGHT,"TWO-WAY, DIVIDED, POSITIVE MED","TWO-WAY, DIVIDED, POSITIVE MED",NO CONTROLS,NO CONTROLS,8,NONE,NONE,NONE,NONE,NONE,NONE,14 MOTOR VEHICLE IN TRANSPORT,01 FRONT TO REAR,01 STRAIGHT AHEAD,OTHER CONTRIBUTING ACTION,NO CONTRIBUTING ACTION,00 NOT CODED,00 NOT CODED,00 NOT CODED,00 NOT CODED,01 NO,1,0,0,0,3,0,3,3,N,N,N,N,N,N,N,N,N,N,N,N,N,N,N,N,N,N,N,N,N,N,N,N,N,N,26.70615983,-80.081685114,591348.748176,2954219.431347,R,,ARBM15Q1R2,"March 1, 2022",2649437,-8914652.706267703,3086808.6378597254
2019892551160,2019,892551160,20190016191,COUNTY SHERIFF'S OFFICE,04 FOURTH,PALM BEACH,"September 19, 2019",1702,FRIDAY,9394 WEST PALM BEACH,0694,Y,OKEECHOBEE BLVD,INDIAN RD,0.003,E,0,0,26.706757,-80.1040567,93280000,5.975,01737,SR 704,,R RIGHT,1 THRU LANE 1,E EAST,30 URBAN 6+LN 2WY DIVD RASD,02 U.S.,01 NON-JUNCTION,01 ON ROADWAY,01 NOT AT INTERSECTION,01 PAVED,34,"May 2, 2017",14 URBAN PRIN ART OTHER,43,PAVED,3,CURB&GUTTER,2,,0,18,65500,RCI,2.3,,45,1 NO INJURY,31 Q/C COMPLETED - LOC VERIFIED,0 NO,01 NOT AT INTERSECTION/RRX/BRIDGE,01 DAYLIGHT,01 CLEAR,01 DRY,01 LEVEL,1 STRAIGHT,"TWO-WAY, DIVIDED, POSITIVE MED","TWO-WAY, DIVIDED, POSITIVE MED",NO CONTROLS,NO CONTROLS,8,NONE,NOT CODED,NOT CODED,NONE,NOT CODED,NOT CODED,14 MOTOR VEHICLE IN TRANSPORT,01 FRONT TO REAR,01 STRAIGHT AHEAD,NO CONTRIBUTING ACTION,NO CONTRIBUTING ACTION,00 NOT CODED,00 NOT CODED,00 NOT CODED,00 NOT CODED,01 NO,0,0,0,0,2,0,2,2,N,N,N,N,N,N,N,N,N,N,N,N,N,N,N,N,N,N,N,N,N,N,N,N,N,N,26.706705076,-80.104154617,589113.074483,2954263.919267,R,,ARBM15Q1R2,"March 1, 2022",2649439,-8917154.000701182,3086876.5826711357
2019892551180,2019,892551180,20190016194,COUNTY SHERIFF'S OFFICE,04 FOURTH,PALM BEACH,"September 19, 2019",1755,FRIDAY,9394 WEST PALM BEACH,0694,Y,DIXIE HWY S,SOUTHERN BLVD,0.007,N,0,0,26.6758403,-80.0547183,93050000,5.845,00131,SR 805,US 1,R RIGHT,2 THRU LANE 2,N NORTH,21 URBAN 4-5LN 2WY DIVD PAVD,02 U.S.,01 NON-JUNCTION,01 ON ROADWAY,01 NOT AT INTERSECTION,03 CURB,35,"May 1, 2017",16 URBAN MINOR ART,24,PAVED WARN,9,RAISED CURB,0,,0,13,18700,RCI,5.4,,35,1 NO INJURY,31 Q/C COMPLETED - LOC VERIFIED,0 NO,01 NOT AT INTERSECTION/RRX/BRIDGE,01 DAYLIGHT,01 CLEAR,01 DRY,01 LEVEL,1 STRAIGHT,"TWO-WAY, NOT DIVIDED","TWO-WAY, NOT DIVIDED",NO CONTROLS,NO CONTROLS,4,NONE,NOT CODED,NOT CODED,NONE,NOT CODED,NOT CODED,14 MOTOR VEHICLE IN TRANSPORT,01 FRONT TO REAR,01 STRAIGHT AHEAD,NOT CODED,NO CONTRIBUTING ACTION,00 NOT CODED,00 NOT CODED,00 NOT CODED,00 NOT CODED,01 NO,0,0,0,0,2,0,2,2,N,N,N,N,N,N,N,N,N,N,N,N,N,N,N,N,N,N,N,N,N,N,N,N,N,N,26.675819969,-80.054728813,594055.257705,2950878.485747,C,,ARBM15Q1R2,"March 1, 2022",2649440,-8911651.943685051,3083028.4051019987
2019892552730,2019,892552730,20190016783,COUNTY SHERIFF'S OFFICE,04 FOURTH,PALM BEACH,"September 28, 2019",2151,SUNDAY,9394 WEST PALM BEACH,0694,Y,OKEECHOBEE BLVD,WABASSO DR,0,,0,0,26.7066782,-80.1001886,93280000,6.214,01738,SR 704,,L LEFT,1 THRU LANE 1,W WEST,30 URBAN 6+LN 2WY DIVD RASD,03 STATE,01 NON-JUNCTION,01 ON ROADWAY,02 FOUR-WAY INTERSECTION,01 PAVED,34,"May 2, 2017",14 URBAN PRIN ART OTHER,33,PAVED,3,CURB&GUTTER,2,,0,30,65500,RCI,2.3,,45,2 POSSIBLE INJURY,31 Q/C COMPLETED - LOC VERIFIED,0 NO,01 NOT AT INTERSECTION/RRX/BRIDGE,04 DARK-LIGHTED,01 CLEAR,01 DRY,01 LEVEL,1 STRAIGHT,"TWO-WAY, DIVIDED, POSITIVE MED","TWO-WAY, DIVIDED, POSITIVE MED",NO CONTROLS,NO CONTROLS,7,NONE,NOT CODED,NOT CODED,NONE,NOT CODED,NOT CODED,14 MOTOR VEHICLE IN TRANSPORT,03 ANGLE,01 STRAIGHT AHEAD,RAN RED LIGHT,NO CONTRIBUTING ACTION,00 NOT CODED,00 NOT CODED,00 NOT CODED,00 NOT CODED,01 NO,2,0,0,0,2,0,2,2,N,N,N,N,N,N,Y,N,N,N,N,Y,N,N,N,N,N,N,N,N,N,N,N,N,N,N,26.706816166,-80.100041595,589522.145395,2954279.105843,L,,ARBM15Q1R2,"March 1, 2022",2649907,-8916696.14104385,3086890.4258761876
2019892552880,2019,892552880,20190016847,COUNTY SHERIFF'S OFFICE,04 FOURTH,PALM BEACH,"September 30, 2019",0736,TUESDAY,9394 WEST PALM BEACH,0694,Y,24TH ST,SPRUCE AVE,0,,0,0,26.735638,-80.0547999,93020002,0.17,04007,SR 5,US 1,R RIGHT,1 THRU LANE 1,N NORTH,12 URBAN 2-3LN 2WY UNDIVD,05 LOCAL,02 INTERSECTION,01 ON ROADWAY,02 FOUR-WAY INTERSECTION,03 CURB,53,"June 9, 2019",17 URBAN MAJOR COLLECTOR,23,PAVED,7,CURB&GUTTER,2,,0,,16200,RCI,2.4,,30,1 NO INJURY,31 Q/C COMPLETED - LOC VERIFIED,0 NO,02 AT INTERSECTION,01 DAYLIGHT,01 CLEAR,01 DRY,01 LEVEL,1 STRAIGHT,"TWO-WAY, NOT DIVIDED","TWO-WAY, NOT DIVIDED",STOP SIGN,NO CONTROLS,2,NONE,NOT CODED,NOT CODED,NONE,NOT CODED,NOT CODED,14 MOTOR VEHICLE IN TRANSPORT,03 ANGLE,01 STRAIGHT AHEAD,RAN STOP SIGN,NO CONTRIBUTING ACTION,00 NOT CODED,00 NOT CODED,00 NOT CODED,00 NOT CODED,01 NO,0,0,0,0,2,0,2,2,N,N,N,Y,N,N,Y,N,N,N,N,Y,N,N,N,N,N,N,N,N,N,Y,N,Y,N,N,26.735653853,-80.054796848,593999.348588,2957505.854185,C,,ARBM15Q1R2,"March 1, 2022",2649908,-8911659.517491763,3090484.448043972
2019892545100,2019,892545100,20190013798,COUNTY SHERIFF'S OFFICE,04 FOURTH,PALM BEACH,"August 9, 2019",0108,SATURDAY,9394 WEST PALM BEACH,0694,Y,BROADWAY AVE,43RD ST,0.009,S,0,0,26.7514344,-80.0562918,93020000,11.316,00767,SR 5,US 1,M MEDIAN,M MIDDLE,S SOUTH,21 URBAN 4-5LN 2WY DIVD PAVD,02 U.S.,01 NON-JUNCTION,04 MEDIAN,01 NOT AT INTERSECTION,03 CURB,45,"June 10, 2019",16 URBAN MINOR ART,21,CURB&GUTTER,2,,0,,0,17,24500,RCI,2.7,,35,4 INCAPACITATING INJURY,31 Q/C COMPLETED - LOC VERIFIED,1 ALC,03 INFLUENCED BY INTERSECTION,04 DARK-LIGHTED,01 CLEAR,01 DRY,01 LEVEL,1 STRAIGHT,"TWO-WAY, DIVIDED, POSITIVE MED",,NO CONTROLS,NOT CODED,4,NONE,NONE,NONE,NONE,NONE,NONE,24 CURB,77 OTHER (SEE NARRATIVE),01 STRAIGHT AHEAD,RAN OFF ROADWAY,NOT CODED,00 NOT CODED,00 NOT CODED,00 NOT CODED,00 NOT CODED,01 NO,2,0,1,0,1,0,1,2,N,N,N,Y,N,N,N,N,N,N,N,N,N,N,N,N,Y,N,N,N,N,N,N,N,N,N,26.75140958,-80.056305921,593836.329015,2959249.911309,C,,ARBM15Q1R2,"March 1, 2022",2649909,-8911827.50685075,3092448.4587345957
2019892545110,2019,892545110,20190013806,COUNTY SHERIFF'S OFFICE,04 FOURTH,PALM BEACH,"August 9, 2019",0813,SATURDAY,9394 WEST PALM BEACH,0694,Y,FOREST HILL BLVD,I-95 NB ON RAMP,0.019,E,0,0,26.6553747,-80.0683985,93016000,8.461,01667,SR 882,,R RIGHT,2 THRU LANE 2,E EAST,20 URBAN 4-5LN 2WY DIVD RASD,05 LOCAL,01 NON-JUNCTION,01 ON ROADWAY,01 NOT AT INTERSECTION,01 PAVED,41,"May 8, 2018",16 URBAN MINOR ART,24,CURB&GUTTER,2,,0,,0,33,31000,RCI,3,,35,1 NO INJURY,31 Q/C COMPLETED - LOC VERIFIED,0 NO,03 INFLUENCED BY INTERSECTION,01 DAYLIGHT,01 CLEAR,01 DRY,01 LEVEL,1 STRAIGHT,"TWO-WAY, DIVIDED, POSITIVE MED","TWO-WAY, DIVIDED, POSITIVE MED",YIELD SIGN,NO CONTROLS,4,NONE,NOT CODED,NOT CODED,NONE,NOT CODED,NOT CODED,14 MOTOR VEHICLE IN TRANSPORT,03 ANGLE,05 TURNING RIGHT,OPERATED MV IN CARLESS OR NEGL,NO CONTRIBUTING ACTION,00 NOT CODED,00 NOT CODED,00 NOT CODED,00 NOT CODED,01 NO,0,0,0,0,2,0,2,3,N,N,N,Y,N,Y,N,N,N,N,N,Y,N,N,N,N,N,N,N,N,N,N,N,N,N,N,26.655382588,-80.068397332,592711.676,2948604.7829,R,,ARBM15Q1R2,"March 1, 2022",2649910,-8913173.516603196,3080482.551026888
2019892555380,2019,892555380,20190017778,COUNTY SHERIFF'S OFFICE,04 FOURTH,PALM BEACH,"October 15, 2019",1732,WEDNESDAY,9394 WEST PALM BEACH,0694,Y,BROADWAY,46TH ST,0,,0,0,26.7538243,-80.0560608,93020000,11.481,00770,SR 5,US 1,L LEFT,2 THRU LANE 2,E EAST,21 URBAN 4-5LN 2WY DIVD PAVD,02 U.S.,02 INTERSECTION,01 ON ROADWAY,02 FOUR-WAY INTERSECTION,03 CURB,45,"June 10, 2019",16 URBAN MINOR ART,21,CURB&GUTTER,2,,0,,0,17,24500,RCI,2.7,,35,1 NO INJURY,31 Q/C COMPLETED - LOC VERIFIED,0 NO,02 AT INTERSECTION,01 DAYLIGHT,02 CLOUDY,01 DRY,01 LEVEL,1 STRAIGHT,"TWO-WAY, NOT DIV, W/CONT LTURN","TWO-WAY, NOT DIV, W/CONT LTURN",STOP SIGN,NO CONTROLS,4,NONE,NOT CODED,NOT CODED,NONE,NOT CODED,NOT CODED,14 MOTOR VEHICLE IN TRANSPORT,03 ANGLE,03 TURNING LEFT,FAILED TO YIELD RIGHT-OF-WAY,NO CONTRIBUTING ACTION,00 NOT CODED,00 NOT CODED,00 NOT CODED,00 NOT CODED,01 NO,0,0,0,0,2,0,2,5,N,N,N,Y,N,N,N,N,N,N,N,N,N,N,N,N,N,N,N,N,N,N,N,N,N,N,26.753803469,-80.056068492,593857.972492,2959515.243849,C,,ARBM15Q1R2,"March 1, 2022",2649913,-8911801.076369565,3092746.8897567876
2019892557370,2019,892557370,20190018516,COUNTY SHERIFF'S OFFICE,04 FOURTH,PALM BEACH,"October 27, 2019",2351,MONDAY,9394 WEST PALM BEACH,0694,Y,DIXIE HWY S,LAKEVIEW AVE,0,,0,0,26.7063763,-80.0537269,93020001,1.247,00693,SR 5,US 1,R RIGHT,1 THRU LANE 1,S SOUTH,11 URBAN 2-3LN 2WY DIVD PAVD,05 LOCAL,02 INTERSECTION,01 ON ROADWAY,02 FOUR-WAY INTERSECTION,03 CURB,44,"June 9, 2019",16 URBAN MINOR ART,21,CURB&GUTTER,2,,0,,0,12,17000,RCI,4.9,,35,1 NO INJURY,31 Q/C COMPLETED - LOC VERIFIED,0 NO,02 AT INTERSECTION,04 DARK-LIGHTED,01 CLEAR,01 DRY,01 LEVEL,1 STRAIGHT,"TWO-WAY, DIVIDED, UNPROTECTED",ONE-WAY TRAFFICWAY,TRAFFIC CONTROL SIGNAL,TRAFFIC CONTROL SIGNAL,3,NONE,NOT CODED,NOT CODED,NONE,NOT CODED,NOT CODED,14 MOTOR VEHICLE IN TRANSPORT,03 ANGLE,01 STRAIGHT AHEAD,RAN RED LIGHT,NO CONTRIBUTING ACTION,00 NOT CODED,00 NOT CODED,00 NOT CODED,00 NOT CODED,01 NO,0,0,0,0,2,0,2,7,N,N,N,Y,N,N,N,N,N,N,Y,N,N,N,N,N,N,N,N,N,N,N,N,N,N,N,26.706386973,-80.053715928,594130.926767,2954264.939038,O,,ARBM15Q1R2,"March 1, 2022",2649914,-8911539.189812766,3086836.9428575444
2019892543400,2019,892543400,20190013138,COUNTY SHERIFF'S OFFICE,04 FOURTH,PALM BEACH,"July 29, 2019",0751,TUESDAY,9394 WEST PALM BEACH,0694,Y,FOREST HILL BLVD,PARKER AVE,0,,0,0,26.6552962,-80.0640648,93016000,8.73,02426,SR 882,,R RIGHT,1 THRU LANE 1,E EAST,11 URBAN 2-3LN 2WY DIVD PAVD,05 LOCAL,02 INTERSECTION,01 ON ROADWAY,02 FOUR-WAY INTERSECTION,03 CURB,39,"May 8, 2018",16 URBAN MINOR ART,18,PAVED,2,RAISED CURB,0,,0,11,18800,RCI,2.7,,35,2 POSSIBLE INJURY,31 Q/C COMPLETED - LOC VERIFIED,0 NO,02 AT INTERSECTION,01 DAYLIGHT,01 CLEAR,01 DRY,01 LEVEL,1 STRAIGHT,"TWO-WAY, NOT DIVIDED","TWO-WAY, NOT DIVIDED",TRAFFIC CONTROL SIGNAL,TRAFFIC CONTROL SIGNAL,2,NONE,NOT CODED,NOT CODED,NONE,NOT CODED,NOT CODED,14 MOTOR VEHICLE IN TRANSPORT,03 ANGLE,01 STRAIGHT AHEAD,RAN RED LIGHT,NO CONTRIBUTING ACTION,00 NOT CODED,00 NOT CODED,00 NOT CODED,00 NOT CODED,01 NO,1,0,0,0,2,0,2,3,N,N,N,Y,N,N,N,N,N,N,N,N,N,N,N,N,N,N,N,N,N,N,N,N,N,N,26.655299742,-80.064060237,593143.387396,2948598.762893,C,,ARBM15Q1R2,"March 1, 2022",2649963,-8912690.713229993,3080472.2320176866
2019892554000,2019,892554000,20190017231,COUNTY SHERIFF'S OFFICE,04 FOURTH,PALM BEACH,"October 6, 2019",0757,MONDAY,9394 WEST PALM BEACH,0694,Y,SOUTHERN BLVD,OLIVE AVE,0,,0,0,26.6756416,-80.0526201,93120000,21.014,00594,SR 80,,R RIGHT,2 THRU LANE 2,E EAST,21 URBAN 4-5LN 2WY DIVD PAVD,03 STATE,02 INTERSECTION,01 ON ROADWAY,02 FOUR-WAY INTERSECTION,03 CURB,41,"June 5, 2018",16 URBAN MINOR ART,22,PAVED,4,CURB&GUTTER,2,,0,12,12500,RCI,3.1,,35,1 NO INJURY,31 Q/C COMPLETED - LOC VERIFIED,0 NO,02 AT INTERSECTION,01 DAYLIGHT,01 CLEAR,01 DRY,01 LEVEL,1 STRAIGHT,"TWO-WAY, NOT DIVIDED","TWO-WAY, NOT DIVIDED",TRAFFIC CONTROL SIGNAL,TRAFFIC CONTROL SIGNAL,4,NONE,NOT CODED,NOT CODED,NONE,NOT CODED,NOT CODED,14 MOTOR VEHICLE IN TRANSPORT,03 ANGLE,05 TURNING RIGHT,FAILED TO YIELD RIGHT-OF-WAY,NO CONTRIBUTING ACTION,00 NOT CODED,00 NOT CODED,00 NOT CODED,00 NOT CODED,01 NO,0,0,0,0,2,0,2,2,N,N,N,Y,N,N,N,N,N,N,N,N,N,N,N,N,N,N,N,N,N,N,N,N,N,N,26.675629987,-80.052775078,594249.822803,2950858.884192,C,,ARBM15Q1R2,"March 1, 2022",2649971,-8911434.454796549,3083004.737200778
2019892540250,2019,892540250,20190011808,COUNTY SHERIFF'S OFFICE,04 FOURTH,PALM BEACH,"July 7, 2019",1830,MONDAY,9394 WEST PALM BEACH,0694,Y,SR 710,CONGRESS AVE,0.091,S,0,0,26.7699634,-80.0872978,93310000,22.049,03645,SR 710,,R RIGHT,S SIDE OF ROAD,E EAST,20 URBAN 4-5LN 2WY DIVD RASD,77 ALL OTHER,01 NON-JUNCTION,02 OFF ROADWAY,01 NOT AT INTERSECTION,02 UNPAVED,34,"January 8, 2019",14 URBAN PRIN ART OTHER,24,PAVED,4,CURB&GUTTER,2,,0,33,18000,RCI,14.5,,45,3 NO-INCAPACITATING INJURY,31 Q/C COMPLETED - LOC VERIFIED,0 NO,01 NOT AT INTERSECTION/RRX/BRIDGE,01 DAYLIGHT,02 CLOUDY,77 OTHER EXPLAIN IN NARRATIVE,01 LEVEL,1 STRAIGHT,UNKNOWN,,NO CONTROLS,NOT CODED,4,NONE,NONE,NONE,NONE,NONE,NONE,32 TREE (STANDING),77 OTHER (SEE NARRATIVE),05 TURNING RIGHT,OTHER CONTRIBUTING ACTION,NOT CODED,00 NOT CODED,00 NOT CODED,00 NOT CODED,00 NOT CODED,01 NO,1,0,0,0,1,0,1,1,N,N,N,N,Y,N,N,N,N,N,Y,N,N,N,N,N,N,N,N,N,N,N,N,N,N,N,26.769984625,-80.08736428,590733.121065,2961284.83287,R,,ARBM15Q1R2,"March 1, 2022",2649972,-8915284.908554941,3094764.2578126634
2019892537950,2019,892537950,20190010984,COUNTY SHERIFF'S OFFICE,04 FOURTH,PALM BEACH,"June 23, 2019",1510,MONDAY,9394 WEST PALM BEACH,0694,Y,LAKE VIEW AVE,OLIVE AVE S,0.057,W,0,0,26.7054435,-80.0526981,93280000,9.154,05282,SR 704,,L LEFT,1 THRU LANE 1,S SOUTH,40 URBAN ONE WAY,05 LOCAL,01 NON-JUNCTION,01 ON ROADWAY,01 NOT AT INTERSECTION,03 CURB,39,"May 2, 2017",16 URBAN MINOR ART,20,CURB&GUTTER,2,CURB&GUTTER,2,,0,,22000,RCI,2.4,,35,1 NO INJURY,31 Q/C COMPLETED - LOC VERIFIED,0 NO,01 NOT AT INTERSECTION/RRX/BRIDGE,01 DAYLIGHT,02 CLOUDY,01 DRY,01 LEVEL,1 STRAIGHT,ONE-WAY TRAFFICWAY,ONE-WAY TRAFFICWAY,NO CONTROLS,NO CONTROLS,2,NONE,NOT CODED,NOT CODED,NONE,NOT CODED,NOT CODED,14 MOTOR VEHICLE IN TRANSPORT,03 ANGLE,77 OTHER (SEE NARRATIVE),FAILED TO YIELD RIGHT-OF-WAY,NO CONTRIBUTING ACTION,00 NOT CODED,00 NOT CODED,00 NOT CODED,00 NOT CODED,01 NO,0,0,0,0,2,0,2,2,N,N,N,N,Y,N,Y,N,N,N,N,Y,N,N,N,N,N,N,N,N,N,N,N,N,N,N,26.705425075,-80.052718585,594230.933842,2954159.132638,O,,ARBM15Q1R2,"March 1, 2022",2650382,-8911428.166186575,3086717.0783788012
2019892537990,2019,892537990,20190010998,COUNTY SHERIFF'S OFFICE,04 FOURTH,PALM BEACH,"June 23, 2019",1734,MONDAY,9394 WEST PALM BEACH,0694,Y,OKEECHOBEE BLVD,CONGRESS AVE,0.042,W,0,0,26.7063034,-80.0869328,93280000,7.033,04716,SR 704,,L LEFT,4 THRU LANE 4,W WEST,30 URBAN 6+LN 2WY DIVD RASD,03 STATE,01 NON-JUNCTION,01 ON ROADWAY,01 NOT AT INTERSECTION,03 CURB,34,"May 2, 2017",14 URBAN PRIN ART OTHER,43,PAVED,3,CURB&GUTTER,2,,0,31,53000,RCI,3.3,,45,1 NO INJURY,31 Q/C COMPLETED - LOC VERIFIED,0 NO,01 NOT AT INTERSECTION/RRX/BRIDGE,01 DAYLIGHT,02 CLOUDY,01 DRY,01 LEVEL,1 STRAIGHT,"TWO-WAY, DIVIDED, POSITIVE MED","TWO-WAY, DIVIDED, POSITIVE MED",NO CONTROLS,NO CONTROLS,8,NONE,NOT CODED,NOT CODED,NONE,NOT CODED,NOT CODED,14 MOTOR VEHICLE IN TRANSPORT,01 FRONT TO REAR,01 STRAIGHT AHEAD,OPERATED MV IN CARLESS OR NEGL,NO CONTRIBUTING ACTION,00 NOT CODED,00 NOT CODED,00 NOT CODED,00 NOT CODED,01 NO,0,0,0,0,2,0,2,3,N,N,N,N,N,N,N,N,N,N,N,N,N,N,N,N,N,N,N,N,N,N,N,N,N,N,26.70648082,-80.086733248,590846.308147,2954251.377542,L,,ARBM15Q1R2,"March 1, 2022",2650383,-8915214.662244558,3086848.637384366
2019892538050,2019,892538050,20190011035,COUNTY SHERIFF'S OFFICE,04 FOURTH,PALM BEACH,"June 24, 2019",1059,TUESDAY,9394 WEST PALM BEACH,0694,Y,SOUTHERN BLVD,93220156 WB OFF,0,,0,0,26.6760375,-80.0684457,93120000,20.033,02308,SR 80,US 98,I INTERSECTION,M MIDDLE,W WEST,30 URBAN 6+LN 2WY DIVD RASD,03 STATE,02 INTERSECTION,01 ON ROADWAY,02 FOUR-WAY INTERSECTION,03 CURB,42,"June 5, 2018",16 URBAN MINOR ART,36,PAVED,4,CURB&GUTTER,2,,0,54,32000,RCI,3.9,,45,1 NO INJURY,31 Q/C COMPLETED - LOC VERIFIED,0 NO,02 AT INTERSECTION,01 DAYLIGHT,01 CLEAR,01 DRY,03 UPHILL,3 CURVE LEFT,"TWO-WAY, DIVIDED, POSITIVE MED",,TRAFFIC CONTROL SIGNAL,NOT CODED,6,NONE,NOT CODED,NOT CODED,NONE,NOT CODED,NOT CODED,01 OVERTURN/ROLLOVER,77 OTHER (SEE NARRATIVE),03 TURNING LEFT,OTHER CONTRIBUTING ACTION,NOT CODED,00 NOT CODED,00 NOT CODED,00 NOT CODED,00 NOT CODED,01 NO,0,0,0,0,1,0,1,1,N,N,N,Y,N,N,N,N,N,N,N,N,N,N,N,N,N,N,N,N,N,N,N,N,N,N,26.676031061,-80.068584362,592676.375071,2950891.729086,R,,ARBM15Q1R2,"March 1, 2022",2650384,-8913194.336699016,3083054.70285652