Crash Id,Calendar Year,FDOT Crash Number,Reporting Agency Case Number,Reporting Agency Type,FDOT Managing District,County Name,Crash Date,Crash Time,Day,DHSMV City,Crash Report City Code,In Town,On Roadway Name,Int Roadway Name,Reference Distance (Miles),Reference Direction,Officer Latitude,Officer Longitude,FDOT Latitude,FDOT Longitude,FDOT Roadway,Nearest Inventory MP,Nearest Node From Crash,State Road #,US Highway,Crash Side of Road,Accident Lane Number,Travel Direction Vehicle 1,FDOT Road Category,DHSMV Road System Id,Relation to Junction,Crash Harmful Event Location,Intersection Type,Shoulder Type,FDOT Roadway SKID Test Result,FDOT Roadway SKID Test Date,Functional Class,RCI Surface Width,RCI Shoulder Type First,RCI Shoulder Width First,RCI Shoulder Type Second,RCI Shoulder Width Second,RCI Shoulder Type Third,RCI Shoulder Width Third,RCI Median Width,Avg Daily Traffic,AADT Source,RCI Avg Per Truck Traffic,RCI Horiz Curve Condition,Posted Speed Limit,Highest Injury in Crash,CAR Status Code,Alcohols/Drug Involved,Site Location,Lighting,Weather,Road Surface,Roadway Grade,Roadway Alignment,Traffic Way Vehicle 1,Traffic Way Vehicle 2,Traffic Control Vehicle 1,Traffic Control Vehicle 2,Count of Lanes,Road Condition 1,Road Condition 2,Road Condition 3,Environment Condition 1,Environment Condition 2,Environment Condition 3,Crash Harmful Event,Manner of Collision,Vehicle Movement,Driver Action Vehicle 1,Driver Action Vehicle 2,Location Within Workzone,Type of Workzone,Workers Present in Workzone,Law Enforcement Present in Workzone,School Bus Related,Count of Nonfatal Injuries,Count of Traffic Fatalities,Count of Serious Injuries,Count of Pedestrians,Count of Drivers,Count of Bicyclists,Count of Vehicles,Count of Persons,Wrong Way,Workzone Inv,Commercial Vehicle Inv,Intersection Inv,Lane Departure,Speeding,Agressive Driving,Impaired Driver,Impaired Pedestrian,Impaired Bicyclist,Distracted Driver,Speeding or Aggressive Driving,Pedestrian Related,Bicyclist Related,Pedestrian or Bicyclist Related,Motorcycle Inv,No Belt,No Belt - Ages 1-4,No Belt - Ages 5-12,No Belt - Ages 13-17,Driver - Ages Teen,Driver - Ages 65 plus,Driver - Ages 65-69,Driver - Ages 70-74,Driver - Ages 75-79,Driver - Ages 80 plus,ARBM Latitude,ARBM Longitude,UTM Zone 17N X,UTM Zone 17N Y,ARBM Side of Road,Urban Rural Indicator,GIS Street Source,Extract Date,OBJECTID,x,y
2019879605060,2019,879605060,20190003017,COUNTY SHERIFF'S OFFICE,04 FOURTH,PALM BEACH,"February 15, 2019",1919,SATURDAY,9394 WEST PALM BEACH,0694,Y,N TAMARIND AVE,14TH ST,0,E,0,0,26.726476,-80.061612,93027502,0.125,,,,I INTERSECTION,M MIDDLE,0,,05 LOCAL,02 INTERSECTION,01 ON ROADWAY,02 FOUR-WAY INTERSECTION,03 CURB,0,"December 31, 2000",,,,0,,0,,0,,,RCI,0,,,3 NO-INCAPACITATING INJURY,33 Q/C VERIFIED AS OFF-SYSTEM,0 NO,02 AT INTERSECTION,04 DARK-LIGHTED,01 CLEAR,01 DRY,00 NOT CODED,0 NOT CODED,NOT CODED,"TWO-WAY, DIVIDED, UNPROTECTED",NOT CODED,NO CONTROLS,,NONE,NOT CODED,NOT CODED,NONE,NOT CODED,NOT CODED,14 MOTOR VEHICLE IN TRANSPORT,03 ANGLE,00 NOT CODED,NOT CODED,NO CONTRIBUTING ACTION,00 NOT CODED,00 NOT CODED,00 NOT CODED,00 NOT CODED,01 NO,1,0,0,0,2,0,2,3,N,N,N,Y,N,N,N,N,N,N,N,N,N,N,N,N,N,N,N,N,N,N,N,N,N,N,26.726476189,-80.061617283,593328.517334,2956484.283895,C,U,ARBM15Q1R2,"March 1, 2022",2782790,-8912418.765000772,3089340.5429705195
2019879605100,2019,879605100,20190003033,COUNTY SHERIFF'S OFFICE,04 FOURTH,PALM BEACH,"February 16, 2019",0259,SUNDAY,9394 WEST PALM BEACH,0694,Y,OKEECHOBEE BLVD,CHURCH ST,0,,0,0,26.7062053,-80.0819296,93280000,7.342,01746,SR 704,,L LEFT,4 THRU LANE 4,W WEST,30 URBAN 6+LN 2WY DIVD RASD,03 STATE,01 NON-JUNCTION,01 ON ROADWAY,01 NOT AT INTERSECTION,03 CURB,34,"May 2, 2017",14 URBAN PRIN ART OTHER,43,PAVED,3,CURB&GUTTER,2,,0,19,53000,RCI,3.3,,45,1 NO INJURY,31 Q/C COMPLETED - LOC VERIFIED,0 NO,02 AT INTERSECTION,04 DARK-LIGHTED,01 CLEAR,01 DRY,01 LEVEL,1 STRAIGHT,"TWO-WAY, DIVIDED, POSITIVE MED","TWO-WAY, DIVIDED, POSITIVE MED",NO CONTROLS,NO CONTROLS,8,NONE,NOT CODED,NOT CODED,NONE,NOT CODED,NOT CODED,14 MOTOR VEHICLE IN TRANSPORT,03 ANGLE,06 CHANGING LANES,FAILED TO KEEP IN PROPER LANE,NO CONTRIBUTING ACTION,00 NOT CODED,00 NOT CODED,00 NOT CODED,00 NOT CODED,01 NO,0,0,0,0,2,0,2,4,N,N,N,Y,N,N,N,N,N,N,N,N,N,N,N,N,N,N,N,N,N,N,N,N,N,N,26.70635097,-80.081713099,591345.811657,2954240.582552,L,,ARBM15Q1R2,"March 1, 2022",2782791,-8914655.821612988,3086832.4564772286
2019879596570,2019,879596570,20190000081,COUNTY SHERIFF'S OFFICE,04 FOURTH,PALM BEACH,"January 1, 2019",1207,WEDNESDAY,9394 WEST PALM BEACH,0694,Y,OKEECHOBEE BLVD,PALM BEACH LAKES BLVD,0.004,W,0,0,26.7066825,-80.1003182,93280000,6.206,03983,SR 704,,R RIGHT,L LEFT TURN,0,30 URBAN 6+LN 2WY DIVD RASD,03 STATE,01 NON-JUNCTION,01 ON ROADWAY,01 NOT AT INTERSECTION,03 CURB,34,"May 2, 2017",14 URBAN PRIN ART OTHER,33,PAVED,3,CURB&GUTTER,2,,0,30,65500,RCI,2.3,,45,2 POSSIBLE INJURY,31 Q/C COMPLETED - LOC VERIFIED,0 NO,03 INFLUENCED BY INTERSECTION,01 DAYLIGHT,02 CLOUDY,01 DRY,00 NOT CODED,0 NOT CODED,NOT CODED,"TWO-WAY, DIVIDED, POSITIVE MED",NOT CODED,NO CONTROLS,7,NONE,NOT CODED,NOT CODED,NONE,NOT CODED,NOT CODED,14 MOTOR VEHICLE IN TRANSPORT,01 FRONT TO REAR,00 NOT CODED,NOT CODED,NO CONTRIBUTING ACTION,00 NOT CODED,00 NOT CODED,00 NOT CODED,00 NOT CODED,01 NO,1,0,0,0,2,0,2,2,N,N,N,Y,N,N,N,N,N,N,N,N,N,N,N,N,N,N,N,N,N,N,N,N,N,N,26.706645428,-80.100409715,589485.658776,2954259.935971,R,,ARBM15Q1R2,"March 1, 2022",2782793,-8916737.11999692,3086869.1497308724
2019879603700,2019,879603700,20190002620,COUNTY SHERIFF'S OFFICE,04 FOURTH,PALM BEACH,"February 10, 2019",0647,MONDAY,9394 WEST PALM BEACH,0694,Y,MILITARY TRL N,CUMBERLAND DR,0.009,N,0,0,26.748984,-80.1092302,93150000,4.913,03406,SR 809,,R RIGHT,2 THRU LANE 2,N NORTH,30 URBAN 6+LN 2WY DIVD RASD,03 STATE,01 NON-JUNCTION,01 ON ROADWAY,01 NOT AT INTERSECTION,03 CURB,37,"May 2, 2017",14 URBAN PRIN ART OTHER,36,PAVED,4,CURB&GUTTER,2,,0,22,38500,RCI,4.1,,45,2 POSSIBLE INJURY,31 Q/C COMPLETED - LOC VERIFIED,0 NO,03 INFLUENCED BY INTERSECTION,01 DAYLIGHT,02 CLOUDY,01 DRY,01 LEVEL,1 STRAIGHT,"TWO-WAY, DIVIDED, POSITIVE MED","TWO-WAY, DIVIDED, POSITIVE MED",OTHER (SEE NARRATIVE),OTHER (SEE NARRATIVE),6,NONE,NOT CODED,NOT CODED,NONE,NOT CODED,NOT CODED,14 MOTOR VEHICLE IN TRANSPORT,01 FRONT TO REAR,01 STRAIGHT AHEAD,OPERATED MV IN CARLESS OR NEGL,NO CONTRIBUTING ACTION,00 NOT CODED,00 NOT CODED,00 NOT CODED,00 NOT CODED,"02 YES, SCHOOL BUS DIRECTLY INVOL",1,0,0,0,2,0,2,3,N,N,Y,Y,N,N,N,N,N,N,N,N,N,N,N,N,N,N,N,N,N,N,N,N,N,N,26.749034614,-80.109223327,588576.060109,2958948.930818,R,,ARBM15Q1R2,"March 1, 2022",2782800,-8917718.247275988,3092152.392680261
2019879603710,2019,879603710,20190002621,COUNTY SHERIFF'S OFFICE,04 FOURTH,PALM BEACH,"February 10, 2019",0744,MONDAY,9394 WEST PALM BEACH,0694,Y,OKEECHOBEE BLVD,PARKER AVE,0,,0,0,26.7058382,-80.0614448,93280000,8.612,01766,SR 704,,R RIGHT,1 THRU LANE 1,E EAST,30 URBAN 6+LN 2WY DIVD RASD,04 COUNTY,02 INTERSECTION,01 ON ROADWAY,02 FOUR-WAY INTERSECTION,01 PAVED,34,"May 2, 2017",16 URBAN MINOR ART,43,PAVED,4,CURB&GUTTER,2,,0,31,70000,RCI,3.3,,35,1 NO INJURY,31 Q/C COMPLETED - LOC VERIFIED,0 NO,02 AT INTERSECTION,01 DAYLIGHT,01 CLEAR,02 WET,01 LEVEL,1 STRAIGHT,"TWO-WAY, DIVIDED, POSITIVE MED","TWO-WAY, DIVIDED, POSITIVE MED",NO CONTROLS,NO CONTROLS,8,NONE,NOT CODED,NOT CODED,WEATHER CONDITIONS,NOT CODED,NOT CODED,14 MOTOR VEHICLE IN TRANSPORT,01 FRONT TO REAR,01 STRAIGHT AHEAD,FOLLOWED TOO CLOSELY,NO CONTRIBUTING ACTION,00 NOT CODED,00 NOT CODED,00 NOT CODED,00 NOT CODED,01 NO,0,0,0,0,3,0,3,3,N,N,N,Y,N,N,N,N,N,N,N,N,N,N,N,N,N,N,N,N,N,Y,Y,N,N,Y,26.705801076,-80.061479733,593359.063992,2954194.333316,R,,ARBM15Q1R2,"March 1, 2022",2782801,-8912403.452912632,3086763.9326010104
2019879605280,2019,879605280,20190003037,COUNTY SHERIFF'S OFFICE,04 FOURTH,PALM BEACH,"February 16, 2019",0600,SUNDAY,9394 WEST PALM BEACH,0694,Y,BELVEDERE RD,BRISTOL DR,0.022,W,0,0,26.690886,-80.077168,93503500,2.251,,,,L LEFT,S SIDE OF ROAD,S SOUTH,,04 COUNTY,01 NON-JUNCTION,03 SHOULDER,01 NOT AT INTERSECTION,02 UNPAVED,0,"December 31, 2000",,,,0,,0,,0,,,RCI,0,,,1 NO INJURY,33 Q/C VERIFIED AS OFF-SYSTEM,0 NO,01 NOT AT INTERSECTION/RRX/BRIDGE,04 DARK-LIGHTED,01 CLEAR,07 SAND,01 LEVEL,1 STRAIGHT,"TWO-WAY, DIVIDED, POSITIVE MED",,NO CONTROLS,NOT CODED,,NONE,NONE,NOT CODED,NONE,NONE,NOT CODED,37 FENCE,01 FRONT TO REAR,01 STRAIGHT AHEAD,OPERATED MV IN CARLESS OR NEGL,NOT CODED,00 NOT CODED,00 NOT CODED,00 NOT CODED,00 NOT CODED,01 NO,0,0,0,0,1,0,1,1,N,N,N,N,Y,N,N,N,N,N,Y,N,N,N,N,N,N,N,N,N,N,N,N,N,N,N,26.690887939,-80.077167843,591810.366021,2952531.11444,R,U,ARBM15Q1R2,"March 1, 2022",2782814,-8914149.84588001,3084905.6917949175
2019880388370,2019,880388370,FHPL19OFF007889,FLORIDA HIGHWAY PATROL,04 FOURTH,PALM BEACH,"January 31, 2019",1405,FRIDAY,9394 WEST PALM BEACH,0694,Y,I 95,PALM BEACH LAKES BLVD,0.1,S,26.7152852,-80.0851781,26.4697417,-80.0891262,93220000,10.5,02187,SR 9,I 95,M MEDIAN,M MIDDLE,N NORTH,01 INTERSTATE URBAN,01 INTERSTATE,01 NON-JUNCTION,04 MEDIAN,01 NOT AT INTERSECTION,01 PAVED,39,"June 10, 2019",11 URBAN PRIN ART INT.,62,PAVED WARN,10,,0,,0,33,198560,RCI,5.9,1D3000,65,1 NO INJURY,31 Q/C COMPLETED - LOC VERIFIED,0 NO,01 NOT AT INTERSECTION/RRX/BRIDGE,01 DAYLIGHT,03 RAIN,02 WET,01 LEVEL,1 STRAIGHT,"TWO-WAY, DIVIDED, POSITIVE MED",,NO CONTROLS,NOT CODED,10,"RD SURFC (WET, ICY, SNOW, ETC)",NOT CODED,NOT CODED,WEATHER CONDITIONS,NOT CODED,NOT CODED,30 CONCRETE TRAFFIC BARRIER,77 OTHER (SEE NARRATIVE),01 STRAIGHT AHEAD,NO CONTRIBUTING ACTION,NOT CODED,00 NOT CODED,00 NOT CODED,00 NOT CODED,00 NOT CODED,01 NO,0,0,0,0,1,0,1,1,N,N,N,N,Y,N,N,N,N,N,N,N,N,N,N,N,N,N,N,N,N,N,N,N,N,N,26.469366908,-80.089192358,590788.551434,2927986.605452,R,,ARBM15Q1R2,"March 1, 2022",2782817,-8915488.408448003,3057331.7488634298
2019879604320,2019,879604320,20190002803,COUNTY SHERIFF'S OFFICE,04 FOURTH,PALM BEACH,"February 12, 2019",1527,WEDNESDAY,9394 WEST PALM BEACH,0694,Y,FOREST HILL BLVD,PARKER AVE,0.002,W,0,0,26.6552973,-80.0640975,93016000,8.728,02426,SR 882,,R RIGHT,1 THRU LANE 1,E EAST,11 URBAN 2-3LN 2WY DIVD PAVD,04 COUNTY,02 INTERSECTION,01 ON ROADWAY,02 FOUR-WAY INTERSECTION,03 CURB,39,"May 8, 2018",16 URBAN MINOR ART,18,PAVED,2,RAISED CURB,0,,0,11,18800,RCI,2.7,,35,1 NO INJURY,31 Q/C COMPLETED - LOC VERIFIED,0 NO,03 INFLUENCED BY INTERSECTION,01 DAYLIGHT,03 RAIN,02 WET,01 LEVEL,1 STRAIGHT,"TWO-WAY, NOT DIVIDED","TWO-WAY, NOT DIVIDED",NO CONTROLS,NO CONTROLS,2,NONE,NOT CODED,NOT CODED,NONE,NOT CODED,NOT CODED,14 MOTOR VEHICLE IN TRANSPORT,01 FRONT TO REAR,05 TURNING RIGHT,NO CONTRIBUTING ACTION,NO CONTRIBUTING ACTION,00 NOT CODED,00 NOT CODED,00 NOT CODED,00 NOT CODED,"02 YES, SCHOOL BUS DIRECTLY INVOL",0,0,0,0,2,0,2,2,N,N,Y,Y,N,N,N,N,N,N,N,N,N,N,N,N,N,N,N,N,N,N,N,N,N,N,26.655300664,-80.064092495,593140.176207,2948598.841446,C,,ARBM15Q1R2,"March 1, 2022",2782824,-8912694.304186795,3080472.34675346
2019879604410,2019,879604410,20190002822,COUNTY SHERIFF'S OFFICE,04 FOURTH,PALM BEACH,"February 12, 2019",1936,WEDNESDAY,9394 WEST PALM BEACH,0694,Y,QUADRILLE BLVD N,BANYAN BLVD,0,,0,0,26.7147092,-80.0549319,93020100,0.628,02397,SR 5,US 1,L LEFT,1 THRU LANE 1,S SOUTH,11 URBAN 2-3LN 2WY DIVD PAVD,05 LOCAL,01 NON-JUNCTION,01 ON ROADWAY,02 FOUR-WAY INTERSECTION,03 CURB,40,"June 10, 2019",17 URBAN MAJOR COLLECTOR,11,PAVED WARN,11,CURB&GUTTER,2,,0,12,13200,RCI,5.2,,30,1 NO INJURY,31 Q/C COMPLETED - LOC VERIFIED,0 NO,02 AT INTERSECTION,04 DARK-LIGHTED,03 RAIN,02 WET,01 LEVEL,1 STRAIGHT,"TWO-WAY, NOT DIVIDED","TWO-WAY, NOT DIVIDED",TRAFFIC CONTROL SIGNAL,TRAFFIC CONTROL SIGNAL,2,NONE,NOT CODED,NOT CODED,WEATHER CONDITIONS,NOT CODED,NOT CODED,14 MOTOR VEHICLE IN TRANSPORT,03 ANGLE,05 TURNING RIGHT,FAILED TO YIELD RIGHT-OF-WAY,NO CONTRIBUTING ACTION,00 NOT CODED,00 NOT CODED,00 NOT CODED,00 NOT CODED,01 NO,0,0,0,0,2,0,2,2,N,N,N,Y,N,N,N,N,N,N,Y,N,N,N,N,N,N,N,N,N,N,N,N,N,N,N,26.714706656,-80.054959596,594000.374458,2955185.540176,C,,ARBM15Q1R2,"March 1, 2022",2782825,-8911677.63435398,3087873.7221708386
2019880128800,2019,880128800,FHPL19OFF008879,FLORIDA HIGHWAY PATROL,04 FOURTH,PALM BEACH,"February 4, 2019",1901,TUESDAY,9394 WEST PALM BEACH,0694,N,I 95,SOUTHERN BLVD,0.25,N,26.7589399,-80.0913,26.6801199,-80.0694654,93220000,25.232,04919,SR 9,I 95,R RIGHT,3 THRU LANE 3,N NORTH,01 INTERSTATE URBAN,01 INTERSTATE,01 NON-JUNCTION,01 ON ROADWAY,01 NOT AT INTERSECTION,01 PAVED,35,"June 10, 2019",11 URBAN PRIN ART INT.,64,PAVED WARN,8,LAWN,3,,0,33,210000,RCI,7.3,1D3000,65,2 POSSIBLE INJURY,31 Q/C COMPLETED - LOC VERIFIED,0 NO,01 NOT AT INTERSECTION/RRX/BRIDGE,04 DARK-LIGHTED,01 CLEAR,01 DRY,01 LEVEL,1 STRAIGHT,"TWO-WAY, DIVIDED, POSITIVE MED","TWO-WAY, DIVIDED, POSITIVE MED",NO CONTROLS,NO CONTROLS,10,NONE,NOT CODED,NOT CODED,NONE,NOT CODED,NOT CODED,14 MOTOR VEHICLE IN TRANSPORT,"04 SIDESWIPE, SAME DIRECTION",00 NOT CODED,OTHER CONTRIBUTING ACTION,NO CONTRIBUTING ACTION,00 NOT CODED,00 NOT CODED,00 NOT CODED,00 NOT CODED,01 NO,1,0,0,0,2,0,2,2,N,N,N,N,Y,N,N,N,N,N,N,N,N,N,N,N,N,N,N,N,N,N,N,N,N,N,26.679893169,-80.069497158,592582.427134,2951318.844926,R,,ARBM15Q1R2,"March 1, 2022",2782847,-8913295.948791161,3083535.8520190786
2019880694080,2019,880694080,FHPL19OFF010376,FLORIDA HIGHWAY PATROL,04 FOURTH,PALM BEACH,"February 11, 2019",1951,TUESDAY,9394 WEST PALM BEACH,0694,Y,I 95,FOREST HILL BLVD,0.5,N,26.67633,-80.06985,26.6628922,-80.0707439,93220000,24.04,02263,SR 9,I 95,R RIGHT,2 THRU LANE 2,N NORTH,01 INTERSTATE URBAN,01 INTERSTATE,01 NON-JUNCTION,01 ON ROADWAY,01 NOT AT INTERSECTION,01 PAVED,36,"June 10, 2019",11 URBAN PRIN ART INT.,76,PAVED WARN,8,VALLEY GUTR,3,,0,33,253000,RCI,7.3,0D3000,65,1 NO INJURY,31 Q/C COMPLETED - LOC VERIFIED,0 NO,01 NOT AT INTERSECTION/RRX/BRIDGE,04 DARK-LIGHTED,01 CLEAR,01 DRY,01 LEVEL,1 STRAIGHT,"TWO-WAY, DIVIDED, POSITIVE MED",,NO CONTROLS,NOT CODED,11,DEBRIS,NOT CODED,NOT CODED,NONE,NOT CODED,NOT CODED,18 OTHER NON-FIXED OBJECT,77 OTHER (SEE NARRATIVE),01 STRAIGHT AHEAD,NO CONTRIBUTING ACTION,NOT CODED,00 NOT CODED,00 NOT CODED,00 NOT CODED,00 NOT CODED,01 NO,0,0,0,0,1,0,1,1,N,N,N,N,N,N,N,N,N,N,N,N,N,N,N,N,N,N,N,N,N,N,N,N,N,N,26.662648484,-80.070744225,592472.24755,2949407.870882,R,,ARBM15Q1R2,"March 1, 2022",2782864,-8913434.771656666,3081387.6006706203
2019880434340,2019,880434340,FHPK19OFF010359,FLORIDA HIGHWAY PATROL,08 TURNPIKE,PALM BEACH,"February 20, 2019",1434,THURSDAY,9394 WEST PALM BEACH,0694,N,SR 91,MM 105.5,0,,26.7637432,-80.1336129,26.7861544,-80.1320372,93470000,32.312,01454,SR 91,,R RIGHT,2 THRU LANE 2,N NORTH,03 TOLL ROAD URBAN,06 TURNPIKE/TOLL,01 NON-JUNCTION,01 ON ROADWAY,01 NOT AT INTERSECTION,01 PAVED,34,"July 15, 2019",12 URBAN PRIN ART EXPR.,24,PAVED WARN,12,LAWN,12,,0,20,72800,RCI,15.5,,70,1 NO INJURY,31 Q/C COMPLETED - LOC VERIFIED,0 NO,01 NOT AT INTERSECTION/RRX/BRIDGE,01 DAYLIGHT,01 CLEAR,01 DRY,01 LEVEL,1 STRAIGHT,"TWO-WAY, DIVIDED, POSITIVE MED","TWO-WAY, DIVIDED, POSITIVE MED",NO CONTROLS,NO CONTROLS,4,NONE,NOT CODED,NOT CODED,NONE,NOT CODED,NOT CODED,14 MOTOR VEHICLE IN TRANSPORT,"04 SIDESWIPE, SAME DIRECTION",06 CHANGING LANES,FAILED TO KEEP IN PROPER LANE,NO CONTRIBUTING ACTION,00 NOT CODED,00 NOT CODED,00 NOT CODED,00 NOT CODED,01 NO,0,0,0,0,2,0,2,2,N,N,Y,N,Y,N,N,N,N,N,N,N,N,N,N,N,N,N,N,N,N,N,N,N,N,N,26.786064519,-80.132047857,586278.369479,2963034.800236,R,,ARBM15Q1R2,"March 1, 2022",2782917,-8920259.063126719,3096769.285502261
2019880538760,2019,880538760,FHPL19OFF028548,FLORIDA HIGHWAY PATROL,04 FOURTH,PALM BEACH,"May 1, 2019",0735,THURSDAY,9394 WEST PALM BEACH,0694,Y,I 95,SR 882,0.25,S,26.6501984,-80.0686466,26.6516971,-80.0686246,93220000,23.258,02260,SR 9,I 95,L LEFT,2 THRU LANE 2,S SOUTH,01 INTERSTATE URBAN,01 INTERSTATE,01 NON-JUNCTION,01 ON ROADWAY,01 NOT AT INTERSECTION,01 PAVED,34,"June 10, 2019",11 URBAN PRIN ART INT.,65,PAVED WARN,10,,0,,0,33,228000,RCI,7.3,,65,1 NO INJURY,31 Q/C COMPLETED - LOC VERIFIED,0 NO,01 NOT AT INTERSECTION/RRX/BRIDGE,01 DAYLIGHT,02 CLOUDY,02 WET,01 LEVEL,1 STRAIGHT,"TWO-WAY, DIVIDED, POSITIVE MED","TWO-WAY, DIVIDED, POSITIVE MED",NO CONTROLS,NO CONTROLS,10,NONE,NOT CODED,NOT CODED,NONE,NOT CODED,NOT CODED,14 MOTOR VEHICLE IN TRANSPORT,01 FRONT TO REAR,01 STRAIGHT AHEAD,OPERATED MV IN CARLESS OR NEGL,NO CONTRIBUTING ACTION,00 NOT CODED,00 NOT CODED,00 NOT CODED,00 NOT CODED,01 NO,0,0,0,0,2,0,2,2,N,N,N,N,N,N,N,N,N,N,N,N,N,N,N,N,N,N,N,N,N,N,N,N,N,N,26.651374126,-80.068875929,592667.281225,2948160.447914,L,,ARBM15Q1R2,"March 1, 2022",2782920,-8913226.793844562,3079983.2763274494
2019880531610,2019,880531610,FHPL19OFF006520,FLORIDA HIGHWAY PATROL,04 FOURTH,PALM BEACH,"January 26, 2019",0750,SUNDAY,9394 WEST PALM BEACH,0694,N,I 95,BLUE HERON BLVD,0.3,S,26.78348,-80.10011,26.7788077,-80.0987101,93220000,32.674,01214,SR 9,I 95,M MEDIAN,M MIDDLE,N NORTH,01 INTERSTATE URBAN,01 INTERSTATE,01 NON-JUNCTION,03 SHOULDER,01 NOT AT INTERSECTION,01 PAVED,36,"June 10, 2019",11 URBAN PRIN ART INT.,64,PAVED WARN,10,,0,,0,33,230000,RCI,7.3,,65,2 POSSIBLE INJURY,31 Q/C COMPLETED - LOC VERIFIED,0 NO,01 NOT AT INTERSECTION/RRX/BRIDGE,01 DAYLIGHT,03 RAIN,02 WET,01 LEVEL,1 STRAIGHT,"TWO-WAY, DIVIDED, POSITIVE MED",,NO CONTROLS,NOT CODED,10,"RD SURFC (WET, ICY, SNOW, ETC)",NOT CODED,NOT CODED,WEATHER CONDITIONS,NOT CODED,NOT CODED,30 CONCRETE TRAFFIC BARRIER,77 OTHER (SEE NARRATIVE),01 STRAIGHT AHEAD,SWERVED OR AVOIDED:  DUE TO WI,NOT CODED,00 NOT CODED,00 NOT CODED,00 NOT CODED,00 NOT CODED,01 NO,3,0,0,0,1,0,1,4,N,N,N,N,Y,N,N,N,N,N,N,N,N,N,N,N,N,N,N,N,N,N,N,N,N,N,26.778679233,-80.098698712,589599.384761,2962239.845887,R,,ARBM15Q1R2,"March 1, 2022",2782928,-8916546.652138105,3095848.3672323436
2019880491260,2019,880491260,FHPK19OFF023057,FLORIDA HIGHWAY PATROL,08 TURNPIKE,PALM BEACH,"April 22, 2019",0910,TUESDAY,9394 WEST PALM BEACH,0694,N,SR 91,SR 704,0.028,N,26.69628,-80.1519799,26.7092039,-80.1369401,93470112,0.112,04597,SR 91,,L LEFT,X RAMP,N NORTH,08 RAMP RURAL,06 TURNPIKE/TOLL,14 ENTRANCE/EXIT RAMP,01 ON ROADWAY,01 NOT AT INTERSECTION,01 PAVED,0,"December 31, 2000",,24,PAVED,12,LAWN,10,,0,,4100,RCI,13.4,,,1 NO INJURY,31 Q/C COMPLETED - LOC VERIFIED,0 NO,07 ENTRANCE RAMP,01 DAYLIGHT,01 CLEAR,01 DRY,01 LEVEL,1 STRAIGHT,ONE-WAY TRAFFICWAY,ONE-WAY TRAFFICWAY,NO CONTROLS,NO CONTROLS,2,NONE,NOT CODED,NOT CODED,NONE,NOT CODED,NOT CODED,14 MOTOR VEHICLE IN TRANSPORT,77 OTHER (SEE NARRATIVE),04 BACKING,IMPROPER BACKING,NO CONTRIBUTING ACTION,00 NOT CODED,00 NOT CODED,00 NOT CODED,00 NOT CODED,01 NO,0,0,0,0,2,0,2,2,N,N,Y,N,N,N,N,N,N,N,N,N,N,N,N,N,N,N,N,N,N,Y,N,N,Y,N,26.70921172,-80.136918709,585851.877685,2954519.074576,O,,ARBM15Q1R2,"March 1, 2022",2782955,-8920801.283798354,3087188.9475028203
2019880491320,2019,880491320,FHPK19OFF029243,FLORIDA HIGHWAY PATROL,08 TURNPIKE,PALM BEACH,"May 21, 2019",0810,WEDNESDAY,9394 WEST PALM BEACH,0694,N,SR 91,SR 80,0.25,S,26.67133,-80.1717299,26.6751627,-80.1691869,93470000,23.985,01446,SR 91,,R RIGHT,1 THRU LANE 1,N NORTH,03 TOLL ROAD URBAN,06 TURNPIKE/TOLL,01 NON-JUNCTION,01 ON ROADWAY,01 NOT AT INTERSECTION,01 PAVED,35,"July 15, 2019",12 URBAN PRIN ART EXPR.,24,PAVED WARN,10,LAWN,12,,0,20,79000,RCI,11.9,,70,1 NO INJURY,31 Q/C COMPLETED - LOC VERIFIED,0 NO,01 NOT AT INTERSECTION/RRX/BRIDGE,01 DAYLIGHT,01 CLEAR,01 DRY,01 LEVEL,1 STRAIGHT,"TWO-WAY, DIVIDED, POSITIVE MED","TWO-WAY, DIVIDED, POSITIVE MED",NO CONTROLS,NO CONTROLS,4,NONE,NOT CODED,NOT CODED,NONE,NOT CODED,NOT CODED,14 MOTOR VEHICLE IN TRANSPORT,01 FRONT TO REAR,01 STRAIGHT AHEAD,FOLLOWED TOO CLOSELY,NO CONTRIBUTING ACTION,00 NOT CODED,00 NOT CODED,00 NOT CODED,00 NOT CODED,01 NO,0,0,0,0,2,0,2,2,N,N,N,N,N,N,N,N,N,N,N,N,N,N,N,N,N,N,N,N,N,N,N,N,N,N,26.675040109,-80.16928822,582656.551802,2950712.786448,R,,ARBM15Q1R2,"March 1, 2022",2782958,-8924404.642279265,3082931.250377824
2019880699580,2019,880699580,FHPK19OFF045767,FLORIDA HIGHWAY PATROL,08 TURNPIKE,PALM BEACH,"August 6, 2019",0840,WEDNESDAY,9394 WEST PALM BEACH,0694,N,SR 91,MM 97,0.05,S,26.67133,-80.1717299,26.6720944,-80.1712839,93470000,23.737,01492,SR 91,,R RIGHT,1 THRU LANE 1,N NORTH,03 TOLL ROAD URBAN,06 TURNPIKE/TOLL,01 NON-JUNCTION,01 ON ROADWAY,01 NOT AT INTERSECTION,01 PAVED,35,"July 15, 2019",12 URBAN PRIN ART EXPR.,24,PAVED WARN,10,LAWN,12,,0,20,79000,RCI,11.9,0D4500,70,1 NO INJURY,31 Q/C COMPLETED - LOC VERIFIED,0 NO,01 NOT AT INTERSECTION/RRX/BRIDGE,01 DAYLIGHT,01 CLEAR,01 DRY,03 UPHILL,1 STRAIGHT,"TWO-WAY, DIVIDED, POSITIVE MED","TWO-WAY, DIVIDED, POSITIVE MED",NO CONTROLS,NO CONTROLS,4,DEBRIS,NOT CODED,NOT CODED,NONE,NOT CODED,NOT CODED,"39 OTHER FIXED OBJECT (WALL, BUIL",77 OTHER (SEE NARRATIVE),01 STRAIGHT AHEAD,NO CONTRIBUTING ACTION,NO CONTRIBUTING ACTION,00 NOT CODED,00 NOT CODED,00 NOT CODED,00 NOT CODED,01 NO,0,0,0,0,2,0,2,2,N,N,Y,N,Y,N,N,N,N,N,N,N,N,N,N,N,N,N,N,N,N,N,N,N,N,N,26.671959118,-80.171365817,582452.036125,2950370.188645,R,,ARBM15Q1R2,"March 1, 2022",2783022,-8924635.919332229,3082547.429348279