Crash Id,Calendar Year,FDOT Crash Number,Reporting Agency Case Number,Reporting Agency Type,FDOT Managing District,County Name,Crash Date,Crash Time,Day,DHSMV City,Crash Report City Code,In Town,On Roadway Name,Int Roadway Name,Reference Distance (Miles),Reference Direction,Officer Latitude,Officer Longitude,FDOT Latitude,FDOT Longitude,FDOT Roadway,Nearest Inventory MP,Nearest Node From Crash,State Road #,US Highway,Crash Side of Road,Accident Lane Number,Travel Direction Vehicle 1,FDOT Road Category,DHSMV Road System Id,Relation to Junction,Crash Harmful Event Location,Intersection Type,Shoulder Type,FDOT Roadway SKID Test Result,FDOT Roadway SKID Test Date,Functional Class,RCI Surface Width,RCI Shoulder Type First,RCI Shoulder Width First,RCI Shoulder Type Second,RCI Shoulder Width Second,RCI Shoulder Type Third,RCI Shoulder Width Third,RCI Median Width,Avg Daily Traffic,AADT Source,RCI Avg Per Truck Traffic,RCI Horiz Curve Condition,Posted Speed Limit,Highest Injury in Crash,CAR Status Code,Alcohols/Drug Involved,Site Location,Lighting,Weather,Road Surface,Roadway Grade,Roadway Alignment,Traffic Way Vehicle 1,Traffic Way Vehicle 2,Traffic Control Vehicle 1,Traffic Control Vehicle 2,Count of Lanes,Road Condition 1,Road Condition 2,Road Condition 3,Environment Condition 1,Environment Condition 2,Environment Condition 3,Crash Harmful Event,Manner of Collision,Vehicle Movement,Driver Action Vehicle 1,Driver Action Vehicle 2,Location Within Workzone,Type of Workzone,Workers Present in Workzone,Law Enforcement Present in Workzone,School Bus Related,Count of Nonfatal Injuries,Count of Traffic Fatalities,Count of Serious Injuries,Count of Pedestrians,Count of Drivers,Count of Bicyclists,Count of Vehicles,Count of Persons,Wrong Way,Workzone Inv,Commercial Vehicle Inv,Intersection Inv,Lane Departure,Speeding,Agressive Driving,Impaired Driver,Impaired Pedestrian,Impaired Bicyclist,Distracted Driver,Speeding or Aggressive Driving,Pedestrian Related,Bicyclist Related,Pedestrian or Bicyclist Related,Motorcycle Inv,No Belt,No Belt - Ages 1-4,No Belt - Ages 5-12,No Belt - Ages 13-17,Driver - Ages Teen,Driver - Ages 65 plus,Driver - Ages 65-69,Driver - Ages 70-74,Driver - Ages 75-79,Driver - Ages 80 plus,ARBM Latitude,ARBM Longitude,UTM Zone 17N X,UTM Zone 17N Y,ARBM Side of Road,Urban Rural Indicator,GIS Street Source,Extract Date,OBJECTID,x,y
2019882739910,2019,882739910,FHPL19OFF085642,FLORIDA HIGHWAY PATROL,04 FOURTH,PALM BEACH,"December 26, 2019",1730,FRIDAY,9394 WEST PALM BEACH,0694,Y,SR 9,BELVEDERE RD,0.2,N,26.67778,-80.0695457,26.6931991,-80.0674525,93220000,26.176,06149,SR 9,I 95,R RIGHT,1 THRU LANE 1,N NORTH,01 INTERSTATE URBAN,01 INTERSTATE,01 NON-JUNCTION,01 ON ROADWAY,01 NOT AT INTERSECTION,01 PAVED,35,"June 10, 2019",11 URBAN PRIN ART INT.,64,PAVED WARN,18,,0,,0,56,210000,RCI,7.3,,65,1 NO INJURY,31 Q/C COMPLETED - LOC VERIFIED,0 NO,01 NOT AT INTERSECTION/RRX/BRIDGE,04 DARK-LIGHTED,03 RAIN,02 WET,01 LEVEL,1 STRAIGHT,"TWO-WAY, DIVIDED, POSITIVE MED","TWO-WAY, DIVIDED, POSITIVE MED",NO CONTROLS,NO CONTROLS,10,NONE,NOT CODED,NOT CODED,NONE,NOT CODED,NOT CODED,14 MOTOR VEHICLE IN TRANSPORT,"04 SIDESWIPE, SAME DIRECTION",06 CHANGING LANES,FAILED TO KEEP IN PROPER LANE,NO CONTRIBUTING ACTION,00 NOT CODED,00 NOT CODED,00 NOT CODED,00 NOT CODED,01 NO,0,0,0,0,2,0,2,4,N,N,N,N,Y,N,N,N,N,N,N,N,N,N,N,N,N,N,N,N,N,N,N,N,N,N,26.693019198,-80.067389803,592781.48505,2952774.255504,R,,ARBM15Q1R2,"March 1, 2022",2863672,-8913061.359038461,3085171.240882695
2019882238020,2019,882238020,FHPL19OFF082119,FLORIDA HIGHWAY PATROL,04 FOURTH,PALM BEACH,"December 12, 2019",0750,FRIDAY,9394 WEST PALM BEACH,0694,Y,I 95,FOREST HILL BLVD,0.227,N,26.6750897,-80.0695772,26.6589626,-80.0701595,93220000,23.767,02262,SR 9,I 95,R RIGHT,2 THRU LANE 2,N NORTH,01 INTERSTATE URBAN,01 INTERSTATE,01 NON-JUNCTION,01 ON ROADWAY,01 NOT AT INTERSECTION,01 PAVED,34,"June 10, 2019",11 URBAN PRIN ART INT.,65,PAVED WARN,8,LAWN,3,,0,33,253000,RCI,7.3,,65,1 NO INJURY,31 Q/C COMPLETED - LOC VERIFIED,0 NO,01 NOT AT INTERSECTION/RRX/BRIDGE,01 DAYLIGHT,02 CLOUDY,01 DRY,04 DOWNHILL,1 STRAIGHT,"TWO-WAY, DIVIDED, POSITIVE MED","TWO-WAY, DIVIDED, POSITIVE MED",NO CONTROLS,NO CONTROLS,10,NONE,NOT CODED,NOT CODED,NONE,NOT CODED,NOT CODED,14 MOTOR VEHICLE IN TRANSPORT,01 FRONT TO REAR,01 STRAIGHT AHEAD,FOLLOWED TOO CLOSELY,NO CONTRIBUTING ACTION,00 NOT CODED,00 NOT CODED,00 NOT CODED,00 NOT CODED,01 NO,0,0,0,0,2,0,2,2,N,N,N,N,N,N,N,N,N,N,N,N,N,N,N,N,N,N,N,N,N,N,N,N,N,N,26.658722657,-80.070111103,592538.421033,2948973.494532,R,,ARBM15Q1R2,"March 1, 2022",2864233,-8913364.29286844,3080898.587215996
2019882389610,2019,882389610,FHPL19OFF084859,FLORIDA HIGHWAY PATROL,04 FOURTH,PALM BEACH,"December 22, 2019",2321,MONDAY,9394 WEST PALM BEACH,0694,N,I 95,BLUE HERON BLVD,0.189,S,26.782409,-80.1000281,26.7803599,-80.0995484,93220076,0.189,01214,SR 9,I 95,L LEFT,X RAMP,S SOUTH,08 RAMP RURAL,01 INTERSTATE,14 ENTRANCE/EXIT RAMP,01 ON ROADWAY,01 NOT AT INTERSECTION,01 PAVED,0,"December 31, 2000",,24,PAVED,8,,0,,0,,22000,RCI,8.2,,,2 POSSIBLE INJURY,31 Q/C COMPLETED - LOC VERIFIED,0 NO,07 ENTRANCE RAMP,04 DARK-LIGHTED,02 CLOUDY,02 WET,01 LEVEL,1 STRAIGHT,"TWO-WAY, DIVIDED, POSITIVE MED",ONE-WAY TRAFFICWAY,NO CONTROLS,NO CONTROLS,2,"RD SURFC (WET, ICY, SNOW, ETC)",NOT CODED,NOT CODED,NONE,NOT CODED,NOT CODED,14 MOTOR VEHICLE IN TRANSPORT,"04 SIDESWIPE, SAME DIRECTION",88 UNKNOWN,OTHER CONTRIBUTING ACTION,NO CONTRIBUTING ACTION,00 NOT CODED,00 NOT CODED,00 NOT CODED,00 NOT CODED,01 NO,1,0,0,0,2,0,2,4,N,N,N,N,Y,N,N,N,N,N,N,N,N,N,N,N,N,N,N,N,N,N,N,N,N,N,26.780343362,-80.099538063,589514.634484,2962423.5801,O,,ARBM15Q1R2,"March 1, 2022",2864750,-8916640.088338468,3096055.8727940274
2019881266180,2019,881266180,FHPL19OFF047504,FLORIDA HIGHWAY PATROL,04 FOURTH,PALM BEACH,"July 19, 2019",0550,SATURDAY,9394 WEST PALM BEACH,0694,N,I 95,SOUTHERN BLVD,0.2,N,26.6775554,-80.0695233,26.6793937,-80.069472,93220000,25.182,04919,SR 9,I 95,R RIGHT,4 THRU LANE 4,N NORTH,01 INTERSTATE URBAN,01 INTERSTATE,01 NON-JUNCTION,01 ON ROADWAY,01 NOT AT INTERSECTION,01 PAVED,35,"June 10, 2019",11 URBAN PRIN ART INT.,64,PAVED WARN,8,LAWN,3,,0,33,210000,RCI,7.3,,65,2 POSSIBLE INJURY,31 Q/C COMPLETED - LOC VERIFIED,0 NO,01 NOT AT INTERSECTION/RRX/BRIDGE,03 DAWN,02 CLOUDY,02 WET,01 LEVEL,1 STRAIGHT,"TWO-WAY, DIVIDED, POSITIVE MED","TWO-WAY, DIVIDED, POSITIVE MED",NO CONTROLS,NO CONTROLS,10,"RD SURFC (WET, ICY, SNOW, ETC)",NOT CODED,NOT CODED,WEATHER CONDITIONS,NOT CODED,NOT CODED,14 MOTOR VEHICLE IN TRANSPORT,01 FRONT TO REAR,14 SLOWING,DROVE TOO FAST FOR CONDITIONS,NO CONTRIBUTING ACTION,00 NOT CODED,00 NOT CODED,00 NOT CODED,00 NOT CODED,01 NO,1,0,0,0,2,0,2,2,N,N,N,N,N,Y,N,N,N,N,N,Y,N,N,N,N,N,N,N,N,N,N,N,N,N,N,26.679166116,-80.069506819,592582.053028,2951238.307366,R,,ARBM15Q1R2,"March 1, 2022",2867631,-8913297.024329491,3083445.2731107622
2019890856410,2019,890856410,20190006554,COUNTY SHERIFF'S OFFICE,04 FOURTH,PALM BEACH,"April 14, 2019",0920,MONDAY,9394 WEST PALM BEACH,0694,Y,45TH ST,GREENWOOD AVE,0.009,W,0,0,26.753016,-80.060957,93510000,3.129,,,,L LEFT,1 THRU LANE 1,E EAST,,04 COUNTY,01 NON-JUNCTION,01 ON ROADWAY,01 NOT AT INTERSECTION,03 CURB,0,"December 31, 2000",,,,0,,0,,0,,,RCI,0,,,1 NO INJURY,33 Q/C VERIFIED AS OFF-SYSTEM,0 NO,01 NOT AT INTERSECTION/RRX/BRIDGE,01 DAYLIGHT,02 CLOUDY,01 DRY,04 DOWNHILL,1 STRAIGHT,"TWO-WAY, NOT DIVIDED","TWO-WAY, NOT DIVIDED",NO CONTROLS,NO CONTROLS,,NONE,NOT CODED,NOT CODED,NONE,NOT CODED,NOT CODED,14 MOTOR VEHICLE IN TRANSPORT,01 FRONT TO REAR,01 STRAIGHT AHEAD,OPERATED MV IN CARLESS OR NEGL,NO CONTRIBUTING ACTION,00 NOT CODED,00 NOT CODED,00 NOT CODED,00 NOT CODED,01 NO,0,0,0,0,3,0,3,6,N,N,N,N,N,N,N,N,N,N,N,N,N,N,N,N,N,N,N,N,Y,N,N,N,N,N,26.753016269,-80.060957064,593372.504177,2959424.454161,R,U,ARBM15Q1R2,"March 1, 2022",2867909,-8912345.269837815,3092648.7538997047
2019881132880,2019,881132880,FHPL19OFF035682,FLORIDA HIGHWAY PATROL,04 FOURTH,PALM BEACH,"May 30, 2019",1440,FRIDAY,9394 WEST PALM BEACH,0694,Y,I 95,SR 704,0.095,S,26.6938977,-80.0683159,26.7024408,-80.0729057,93220000,26.896,02142,SR 9,I 95,L LEFT,2 THRU LANE 2,S SOUTH,01 INTERSTATE URBAN,01 INTERSTATE,18 THROUGH ROADWAY,01 ON ROADWAY,01 NOT AT INTERSECTION,01 PAVED,35,"June 10, 2019",11 URBAN PRIN ART INT.,64,PAVED WARN,10,LAWN,12,,0,33,246000,RCI,7.3,,65,1 NO INJURY,31 Q/C COMPLETED - LOC VERIFIED,0 NO,01 NOT AT INTERSECTION/RRX/BRIDGE,01 DAYLIGHT,01 CLEAR,01 DRY,01 LEVEL,1 STRAIGHT,"TWO-WAY, DIVIDED, POSITIVE MED",,NO CONTROLS,NOT CODED,10,NONE,NOT CODED,NOT CODED,NONE,NOT CODED,NOT CODED,01 OVERTURN/ROLLOVER,77 OTHER (SEE NARRATIVE),01 STRAIGHT AHEAD,NO CONTRIBUTING ACTION,NOT CODED,00 NOT CODED,00 NOT CODED,00 NOT CODED,00 NOT CODED,01 NO,0,0,0,0,1,0,1,1,N,N,N,N,Y,N,N,N,N,N,N,N,N,N,N,N,N,N,N,N,N,N,N,N,N,N,26.702233742,-80.073139715,592202.001732,2953790.717279,L,,ARBM15Q1R2,"March 1, 2022",2868186,-8913701.436662097,3086319.405397641
2019882514570,2019,882514570,FHPL19OFF085139,FLORIDA HIGHWAY PATROL,04 FOURTH,PALM BEACH,"December 24, 2019",1211,WEDNESDAY,9394 WEST PALM BEACH,0694,N,I 95,BLUE HERON BLVD,0.189,N,26.7549468,-80.0901784,26.7864087,-80.0988437,93220000,33.199,01195,SR 9,I 95,M MEDIAN,M MIDDLE,S SOUTH,01 INTERSTATE URBAN,01 INTERSTATE,01 NON-JUNCTION,01 ON ROADWAY,01 NOT AT INTERSECTION,01 PAVED,36,"June 10, 2019",11 URBAN PRIN ART INT.,64,PAVED WARN,10,,0,,0,33,187500,RCI,7.3,,65,2 POSSIBLE INJURY,31 Q/C COMPLETED - LOC VERIFIED,0 NO,01 NOT AT INTERSECTION/RRX/BRIDGE,01 DAYLIGHT,01 CLEAR,01 DRY,01 LEVEL,1 STRAIGHT,"TWO-WAY, DIVIDED, POSITIVE MED",,NO CONTROLS,NOT CODED,10,NONE,NOT CODED,NOT CODED,NONE,NOT CODED,NOT CODED,30 CONCRETE TRAFFIC BARRIER,77 OTHER (SEE NARRATIVE),01 STRAIGHT AHEAD,OVER-CORRECTING/OVERSTEERING,NOT CODED,00 NOT CODED,00 NOT CODED,00 NOT CODED,00 NOT CODED,01 NO,2,0,0,0,1,0,1,2,N,N,N,N,Y,N,N,N,N,N,N,N,N,N,N,N,N,N,N,N,N,Y,N,Y,N,N,26.786278353,-80.098871549,589576.236321,2963081.432843,R,,ARBM15Q1R2,"March 1, 2022",2869234,-8916565.892384568,3096795.950844147
2019882739850,2019,882739850,FHPL19OFF083953,FLORIDA HIGHWAY PATROL,04 FOURTH,PALM BEACH,"December 19, 2019",1715,FRIDAY,9394 WEST PALM BEACH,0694,Y,SR 9,BELVEDERE RD,0,,26.6903977,-80.0687587,26.6802825,-80.069987,93220157,0.728,04918,SR 9,I 95,L LEFT,X RAMP,N NORTH,07 RAMP URBAN,01 INTERSTATE,14 ENTRANCE/EXIT RAMP,01 ON ROADWAY,04 Y-INTERSECTION,01 PAVED,0,"December 31, 2000",,24,PAVED,2,LAWN,12,,0,,12000,RCI,3.3,,,1 NO INJURY,31 Q/C COMPLETED - LOC VERIFIED,0 NO,07 ENTRANCE RAMP,01 DAYLIGHT,01 CLEAR,01 DRY,01 LEVEL,1 STRAIGHT,"TWO-WAY, DIVIDED, POSITIVE MED","TWO-WAY, DIVIDED, POSITIVE MED",NO CONTROLS,YIELD SIGN,2,NONE,NOT CODED,NOT CODED,NONE,NOT CODED,NOT CODED,14 MOTOR VEHICLE IN TRANSPORT,01 FRONT TO REAR,14 SLOWING,NO CONTRIBUTING ACTION,NO CONTRIBUTING ACTION,00 NOT CODED,00 NOT CODED,00 NOT CODED,00 NOT CODED,01 NO,0,0,0,0,2,0,2,2,N,N,N,N,N,N,N,N,N,N,N,N,N,N,N,N,N,N,N,N,N,N,N,N,N,N,26.680282546,-80.07000119,592531.9603,2951361.6078,O,,ARBM15Q1R2,"March 1, 2022",2869237,-8913352.05742387,3083584.3622866855
2019882440930,2019,882440930,FHPL19OFF074503,FLORIDA HIGHWAY PATROL,04 FOURTH,PALM BEACH,"November 9, 2019",1955,SUNDAY,9394 WEST PALM BEACH,0694,Y,I 95,SR 704,0.5,S,26.70616,-80.07837,26.6969176,-80.0697479,93220000,26.491,04933,SR 9,I 95,R RIGHT,5 THRU LANE 5,N NORTH,01 INTERSTATE URBAN,01 INTERSTATE,01 NON-JUNCTION,01 ON ROADWAY,01 NOT AT INTERSECTION,01 PAVED,35,"June 10, 2019",11 URBAN PRIN ART INT.,64,PAVED WARN,10,,0,,0,33,246000,RCI,7.3,,65,1 NO INJURY,31 Q/C COMPLETED - LOC VERIFIED,0 NO,01 NOT AT INTERSECTION/RRX/BRIDGE,03 DAWN,01 CLEAR,01 DRY,01 LEVEL,1 STRAIGHT,"TWO-WAY, DIVIDED, POSITIVE MED",,NO CONTROLS,NOT CODED,10,NONE,NOT CODED,NOT CODED,NONE,NOT CODED,NOT CODED,09 OTHER NON-COLLISION,77 OTHER (SEE NARRATIVE),01 STRAIGHT AHEAD,NO CONTRIBUTING ACTION,NOT CODED,00 NOT CODED,00 NOT CODED,00 NOT CODED,00 NOT CODED,01 NO,0,0,0,0,1,0,1,1,N,N,N,N,N,N,N,N,N,N,N,N,N,N,N,N,N,N,N,N,N,N,N,N,N,N,26.697068086,-80.069772198,592541.186754,2953220.992282,R,,ARBM15Q1R2,"March 1, 2022",2869257,-8913326.566121101,3085675.7351747476
2019881096650,2019,881096650,FHPL19OFF040407,FLORIDA HIGHWAY PATROL,04 FOURTH,PALM BEACH,"June 18, 2019",2137,WEDNESDAY,9394 WEST PALM BEACH,0694,N,I 95,FOREST HILL BLVD,0.009,N,26.6559411,-80.0695304,26.6558502,-80.0695019,93220000,23.549,04273,SR 9,I 95,R RIGHT,4 THRU LANE 4,N NORTH,01 INTERSTATE URBAN,01 INTERSTATE,01 NON-JUNCTION,01 ON ROADWAY,01 NOT AT INTERSECTION,01 PAVED,34,"June 10, 2019",11 URBAN PRIN ART INT.,65,PAVED WARN,10,,0,,0,33,228000,RCI,7.3,,65,2 POSSIBLE INJURY,31 Q/C COMPLETED - LOC VERIFIED,0 NO,01 NOT AT INTERSECTION/RRX/BRIDGE,04 DARK-LIGHTED,02 CLOUDY,02 WET,01 LEVEL,1 STRAIGHT,"TWO-WAY, DIVIDED, POSITIVE MED","TWO-WAY, DIVIDED, POSITIVE MED",NO CONTROLS,NO CONTROLS,10,OTHER (SEE NARRATIVE),NOT CODED,NOT CODED,NONE,NOT CODED,NOT CODED,14 MOTOR VEHICLE IN TRANSPORT,"04 SIDESWIPE, SAME DIRECTION",06 CHANGING LANES,OTHER CONTRIBUTING ACTION,OTHER CONTRIBUTING ACTION,00 NOT CODED,00 NOT CODED,00 NOT CODED,00 NOT CODED,01 NO,1,0,0,0,2,0,2,4,N,N,N,N,Y,N,N,N,N,N,N,N,N,N,N,N,N,N,N,N,N,N,N,N,N,N,26.655607945,-80.069455903,592606.141171,2948628.975914,R,,ARBM15Q1R2,"March 1, 2022",2869286,-8913291.356184818,3080510.6209144164
2019890849360,2019,890849360,20190004407,COUNTY SHERIFF'S OFFICE,04 FOURTH,PALM BEACH,"March 10, 2019",0902,MONDAY,9394 WEST PALM BEACH,0694,Y,US 1,8TH ST,0,,0,0,26.4743152,-80.0672912,93010000,10.545,01329,SR 5,US 1,R RIGHT,2 THRU LANE 2,E EAST,40 URBAN ONE WAY,02 U.S.,02 INTERSECTION,01 ON ROADWAY,02 FOUR-WAY INTERSECTION,03 CURB,44,"June 10, 2019",16 URBAN MINOR ART,22,CURB&GUTTER,2,CURB&GUTTER,2,,0,,13000,RCI,3,,35,1 NO INJURY,31 Q/C COMPLETED - LOC VERIFIED,0 NO,02 AT INTERSECTION,01 DAYLIGHT,02 CLOUDY,01 DRY,01 LEVEL,1 STRAIGHT,"TWO-WAY, DIVIDED, UNPROTECTED","TWO-WAY, DIVIDED, UNPROTECTED",STOP SIGN,NO CONTROLS,2,NONE,NOT CODED,NOT CODED,NONE,NOT CODED,NOT CODED,14 MOTOR VEHICLE IN TRANSPORT,03 ANGLE,03 TURNING LEFT,OPERATED MV IN CARLESS OR NEGL,NO CONTRIBUTING ACTION,00 NOT CODED,00 NOT CODED,00 NOT CODED,00 NOT CODED,01 NO,0,0,0,0,2,0,2,2,N,N,N,Y,N,N,N,N,N,N,N,N,N,N,N,N,N,N,N,N,N,N,N,N,N,N,26.473981833,-80.067306561,592966.515755,2928513.399044,O,,ARBM15Q1R2,"March 1, 2022",2869595,-8913052.091922032,3057905.6509505603
2019892538250,2019,892538250,20190011108,COUNTY SHERIFF'S OFFICE,04 FOURTH,PALM BEACH,"June 25, 2019",1238,WEDNESDAY,9394 WEST PALM BEACH,0694,Y,US 1,UPLAND RD,0.028,N,0,0,26.6934921,-80.0542475,93020001,2.137,00720,SR 5,US 1,R RIGHT,P PARKING,0,22 URBAN 4-5LN 2WY UNDIVD,77 ALL OTHER,01 NON-JUNCTION,03 SHOULDER,01 NOT AT INTERSECTION,03 CURB,44,"June 9, 2019",16 URBAN MINOR ART,44,CURB&GUTTER,2,,0,,0,,17000,RCI,4.9,,35,0 UNKNOWN/NOT CODED,31 Q/C COMPLETED - LOC VERIFIED,0 NO,01 NOT AT INTERSECTION/RRX/BRIDGE,01 DAYLIGHT,01 CLEAR,01 DRY,00 NOT CODED,0 NOT CODED,NOT CODED,"TWO-WAY, NOT DIVIDED",NOT CODED,NO CONTROLS,4,NONE,NOT CODED,NOT CODED,NONE,NOT CODED,NOT CODED,15 PARKED MOTOR VEHICLE,"04 SIDESWIPE, SAME DIRECTION",00 NOT CODED,NOT CODED,NOT CODED,00 NOT CODED,00 NOT CODED,00 NOT CODED,00 NOT CODED,01 NO,0,0,0,0,1,0,2,1,N,N,N,N,Y,N,N,N,N,N,N,N,N,N,N,N,N,N,N,N,N,N,N,N,N,N,26.69348942,-80.054253098,594088.085397,2952835.963621,C,,ARBM15Q1R2,"March 1, 2022",2869600,-8911598.987382283,3085229.830003297
2019881099420,2019,881099420,FHPL19OFF052396,FLORIDA HIGHWAY PATROL,04 FOURTH,PALM BEACH,"August 8, 2019",0800,FRIDAY,9394 WEST PALM BEACH,0694,N,I 95,BLUE HERON BLVD,0.057,N,26.78348,-80.10011,26.7844919,-80.0989111,93220000,33.067,01213,SR 9,I 95,M MEDIAN,M MIDDLE,N NORTH,01 INTERSTATE URBAN,01 INTERSTATE,01 NON-JUNCTION,04 MEDIAN,01 NOT AT INTERSECTION,01 PAVED,36,"June 10, 2019",11 URBAN PRIN ART INT.,64,PAVED WARN,10,,0,,0,33,187500,RCI,7.3,,65,2 POSSIBLE INJURY,31 Q/C COMPLETED - LOC VERIFIED,0 NO,01 NOT AT INTERSECTION/RRX/BRIDGE,01 DAYLIGHT,01 CLEAR,01 DRY,01 LEVEL,1 STRAIGHT,"TWO-WAY, DIVIDED, POSITIVE MED","TWO-WAY, DIVIDED, POSITIVE MED",NO CONTROLS,NO CONTROLS,10,NONE,NOT CODED,NOT CODED,NONE,NOT CODED,NOT CODED,30 CONCRETE TRAFFIC BARRIER,77 OTHER (SEE NARRATIVE),06 CHANGING LANES,FAILED TO KEEP IN PROPER LANE,NO CONTRIBUTING ACTION,00 NOT CODED,00 NOT CODED,00 NOT CODED,00 NOT CODED,01 NO,1,0,0,0,2,0,2,2,N,N,N,N,Y,N,N,N,N,N,N,N,N,N,N,N,N,N,N,N,N,Y,N,Y,N,N,26.784359244,-80.09893323,589571.611342,2962868.821206,R,,ARBM15Q1R2,"March 1, 2022",2869848,-8916572.758632312,3096556.6387738734
2019890857460,2019,890857460,20190006899,COUNTY SHERIFF'S OFFICE,04 FOURTH,PALM BEACH,"April 19, 2019",1419,SATURDAY,9394 WEST PALM BEACH,0694,Y,US 1,53RD ST,0,,0,0,26.7590351,-80.0555601,93020000,11.841,00777,SR 5,US 1,R RIGHT,S SIDE OF ROAD,N NORTH,21 URBAN 4-5LN 2WY DIVD PAVD,02 U.S.,02 INTERSECTION,03 SHOULDER,02 FOUR-WAY INTERSECTION,03 CURB,45,"June 10, 2019",16 URBAN MINOR ART,21,CURB&GUTTER,2,,0,,0,17,24500,RCI,2.7,,35,1 NO INJURY,31 Q/C COMPLETED - LOC VERIFIED,0 NO,02 AT INTERSECTION,01 DAYLIGHT,02 CLOUDY,01 DRY,01 LEVEL,1 STRAIGHT,"TWO-WAY, DIVIDED, POSITIVE MED",,NO CONTROLS,NOT CODED,4,NONE,NOT CODED,NOT CODED,NONE,NOT CODED,NOT CODED,24 CURB,03 ANGLE,01 STRAIGHT AHEAD,SWERVED OR AVOIDED:  DUE TO WI,NOT CODED,00 NOT CODED,00 NOT CODED,00 NOT CODED,00 NOT CODED,01 NO,0,0,0,0,1,0,1,1,N,N,N,Y,N,N,N,N,N,N,N,N,N,N,N,N,N,N,N,N,N,N,N,N,N,N,26.759026258,-80.055566051,593903.641168,2960094.113611,C,,ARBM15Q1R2,"March 1, 2022",2870141,-8911745.144781455,3093398.003978441
2019890859300,2019,890859300,20190007514,COUNTY SHERIFF'S OFFICE,04 FOURTH,PALM BEACH,"April 29, 2019",1746,TUESDAY,9394 WEST PALM BEACH,0694,Y,OKEECHOBEE BLVD,93280137 SB ON,0.004,W,0,0,26.7056583,-80.0658777,93280000,8.334,03164,SR 704,,R RIGHT,1 THRU LANE 1,E EAST,30 URBAN 6+LN 2WY DIVD RASD,05 LOCAL,01 NON-JUNCTION,01 ON ROADWAY,01 NOT AT INTERSECTION,03 CURB,34,"May 2, 2017",14 URBAN PRIN ART OTHER,36,PAVED,16,CURB&GUTTER,2,,0,21,77500,RCI,3.3,,45,1 NO INJURY,31 Q/C COMPLETED - LOC VERIFIED,0 NO,01 NOT AT INTERSECTION/RRX/BRIDGE,01 DAYLIGHT,01 CLEAR,01 DRY,01 LEVEL,1 STRAIGHT,"TWO-WAY, DIVIDED, POSITIVE MED","TWO-WAY, DIVIDED, POSITIVE MED",NO CONTROLS,NO CONTROLS,6,NONE,NOT CODED,NOT CODED,NONE,NOT CODED,NOT CODED,14 MOTOR VEHICLE IN TRANSPORT,01 FRONT TO REAR,01 STRAIGHT AHEAD,OPERATED MV IN CARLESS OR NEGL,NO CONTRIBUTING ACTION,00 NOT CODED,00 NOT CODED,00 NOT CODED,00 NOT CODED,01 NO,0,0,0,0,2,0,2,2,N,N,N,N,N,N,N,N,N,N,N,N,N,N,N,N,N,N,N,N,Y,Y,N,Y,N,N,26.705635075,-80.065917549,592917.724574,2954172.704035,R,,ARBM15Q1R2,"March 1, 2022",2870157,-8912897.468447542,3086743.2468542806
2019890861520,2019,890861520,20190008209,COUNTY SHERIFF'S OFFICE,04 FOURTH,PALM BEACH,"May 9, 2019",1559,FRIDAY,9394 WEST PALM BEACH,0694,Y,BROADWAY,45TH ST,0,,0,0,26.7530716,-80.0561331,93020000,11.429,00769,SR 5,US 1,L LEFT,1 THRU LANE 1,N NORTH,21 URBAN 4-5LN 2WY DIVD PAVD,05 LOCAL,02 INTERSECTION,01 ON ROADWAY,02 FOUR-WAY INTERSECTION,03 CURB,45,"June 10, 2019",16 URBAN MINOR ART,21,CURB&GUTTER,2,,0,,0,17,24500,RCI,2.7,,35,1 NO INJURY,31 Q/C COMPLETED - LOC VERIFIED,0 NO,02 AT INTERSECTION,01 DAYLIGHT,01 CLEAR,01 DRY,01 LEVEL,1 STRAIGHT,"TWO-WAY, NOT DIVIDED","TWO-WAY, NOT DIVIDED",NO CONTROLS,NO CONTROLS,4,NONE,NOT CODED,NOT CODED,NONE,NOT CODED,NOT CODED,14 MOTOR VEHICLE IN TRANSPORT,03 ANGLE,03 TURNING LEFT,NO CONTRIBUTING ACTION,NO CONTRIBUTING ACTION,00 NOT CODED,00 NOT CODED,00 NOT CODED,00 NOT CODED,01 NO,0,0,0,0,2,0,2,3,N,N,N,Y,N,N,N,N,N,N,N,N,N,N,N,N,N,N,N,N,N,N,N,N,N,N,26.753048856,-80.056146643,593850.821179,2959431.602097,C,,ARBM15Q1R2,"March 1, 2022",2870158,-8911809.776057959,3092652.816376186
2019890859920,2019,890859920,20190007732,COUNTY SHERIFF'S OFFICE,04 FOURTH,PALM BEACH,"May 2, 2019",1632,FRIDAY,9394 WEST PALM BEACH,0694,Y,45TH ST,WINDSOR AVE,0,E,0,0,26.753264,-80.06519,93510000,2.867,,,,I INTERSECTION,M MIDDLE,N NORTH,,04 COUNTY,02 INTERSECTION,01 ON ROADWAY,03 T-INTERSECTION,03 CURB,0,"December 31, 2000",,,,0,,0,,0,,,RCI,0,,,2 POSSIBLE INJURY,33 Q/C VERIFIED AS OFF-SYSTEM,0 NO,02 AT INTERSECTION,01 DAYLIGHT,02 CLOUDY,01 DRY,01 LEVEL,1 STRAIGHT,"TWO-WAY, NOT DIVIDED","TWO-WAY, DIVIDED, POSITIVE MED",NO CONTROLS,NO CONTROLS,,NONE,NOT CODED,NOT CODED,NONE,NOT CODED,NOT CODED,14 MOTOR VEHICLE IN TRANSPORT,03 ANGLE,03 TURNING LEFT,FAILED TO YIELD RIGHT-OF-WAY,NO CONTRIBUTING ACTION,00 NOT CODED,00 NOT CODED,00 NOT CODED,00 NOT CODED,01 NO,1,0,0,0,2,0,2,4,N,N,N,Y,N,N,N,N,N,N,N,N,N,N,N,N,N,N,N,N,N,N,N,N,N,N,26.753265064,-80.06518733,592951.6484,2959448.915,L,U,ARBM15Q1R2,"March 1, 2022",2870161,-8912816.181058373,3092679.7696723305