Crash Id,Calendar Year,FDOT Crash Number,Reporting Agency Case Number,Reporting Agency Type,FDOT Managing District,County Name,Crash Date,Crash Time,Day,DHSMV City,Crash Report City Code,In Town,On Roadway Name,Int Roadway Name,Reference Distance (Miles),Reference Direction,Officer Latitude,Officer Longitude,FDOT Latitude,FDOT Longitude,FDOT Roadway,Nearest Inventory MP,Nearest Node From Crash,State Road #,US Highway,Crash Side of Road,Accident Lane Number,Travel Direction Vehicle 1,FDOT Road Category,DHSMV Road System Id,Relation to Junction,Crash Harmful Event Location,Intersection Type,Shoulder Type,FDOT Roadway SKID Test Result,FDOT Roadway SKID Test Date,Functional Class,RCI Surface Width,RCI Shoulder Type First,RCI Shoulder Width First,RCI Shoulder Type Second,RCI Shoulder Width Second,RCI Shoulder Type Third,RCI Shoulder Width Third,RCI Median Width,Avg Daily Traffic,AADT Source,RCI Avg Per Truck Traffic,RCI Horiz Curve Condition,Posted Speed Limit,Highest Injury in Crash,CAR Status Code,Alcohols/Drug Involved,Site Location,Lighting,Weather,Road Surface,Roadway Grade,Roadway Alignment,Traffic Way Vehicle 1,Traffic Way Vehicle 2,Traffic Control Vehicle 1,Traffic Control Vehicle 2,Count of Lanes,Road Condition 1,Road Condition 2,Road Condition 3,Environment Condition 1,Environment Condition 2,Environment Condition 3,Crash Harmful Event,Manner of Collision,Vehicle Movement,Driver Action Vehicle 1,Driver Action Vehicle 2,Location Within Workzone,Type of Workzone,Workers Present in Workzone,Law Enforcement Present in Workzone,School Bus Related,Count of Nonfatal Injuries,Count of Traffic Fatalities,Count of Serious Injuries,Count of Pedestrians,Count of Drivers,Count of Bicyclists,Count of Vehicles,Count of Persons,Wrong Way,Workzone Inv,Commercial Vehicle Inv,Intersection Inv,Lane Departure,Speeding,Agressive Driving,Impaired Driver,Impaired Pedestrian,Impaired Bicyclist,Distracted Driver,Speeding or Aggressive Driving,Pedestrian Related,Bicyclist Related,Pedestrian or Bicyclist Related,Motorcycle Inv,No Belt,No Belt - Ages 1-4,No Belt - Ages 5-12,No Belt - Ages 13-17,Driver - Ages Teen,Driver - Ages 65 plus,Driver - Ages 65-69,Driver - Ages 70-74,Driver - Ages 75-79,Driver - Ages 80 plus,ARBM Latitude,ARBM Longitude,UTM Zone 17N X,UTM Zone 17N Y,ARBM Side of Road,Urban Rural Indicator,GIS Street Source,Extract Date,OBJECTID,x,y
2019880751460,2019,880751460,FHPL19OFF039361,FLORIDA HIGHWAY PATROL,04 FOURTH,PALM BEACH,"June 14, 2019",1537,SATURDAY,9394 WEST PALM BEACH,0694,N,SR 9,BLUE HERON BLVD,0.028,S,26.78348,-80.10011,26.7827352,-80.0989728,93220000,32.946,02376,SR 9,I 95,R RIGHT,5 THRU LANE 5,N NORTH,01 INTERSTATE URBAN,01 INTERSTATE,01 NON-JUNCTION,01 ON ROADWAY,01 NOT AT INTERSECTION,01 PAVED,36,"June 10, 2019",11 URBAN PRIN ART INT.,64,PAVED WARN,10,,0,,0,33,230000,RCI,7.3,,65,2 POSSIBLE INJURY,31 Q/C COMPLETED - LOC VERIFIED,0 NO,01 NOT AT INTERSECTION/RRX/BRIDGE,01 DAYLIGHT,03 RAIN,02 WET,01 LEVEL,1 STRAIGHT,"TWO-WAY, DIVIDED, POSITIVE MED","TWO-WAY, DIVIDED, POSITIVE MED",NO CONTROLS,NO CONTROLS,10,NONE,NOT CODED,NOT CODED,NONE,NOT CODED,NOT CODED,14 MOTOR VEHICLE IN TRANSPORT,01 FRONT TO REAR,01 STRAIGHT AHEAD,OPERATED MV IN CARLESS OR NEGL,NO CONTRIBUTING ACTION,00 NOT CODED,00 NOT CODED,00 NOT CODED,00 NOT CODED,01 NO,1,0,0,0,2,0,2,3,N,N,N,N,Y,N,N,N,N,N,N,N,N,N,N,N,N,N,N,N,N,N,N,N,N,N,26.782600509,-80.098991265,589567.222554,2962673.975774,R,,ARBM15Q1R2,"March 1, 2022",3317549,-8916579.218974559,3096337.328728313
2019879600670,2019,879600670,20190001584,COUNTY SHERIFF'S OFFICE,04 FOURTH,PALM BEACH,"January 25, 2019",0123,SATURDAY,9394 WEST PALM BEACH,0694,Y,13TH ST,DIVISION AVE,0,N,0,0,26.725533,-80.059208,93A11192,0.225,,,,L LEFT,1 THRU LANE 1,N NORTH,,05 LOCAL,01 NON-JUNCTION,01 ON ROADWAY,77 OTHER (SEE NARRATIVE),01 PAVED,0,"December 31, 2000",,,,0,,0,,0,,,RCI,0,,,1 NO INJURY,33 Q/C VERIFIED AS OFF-SYSTEM,0 NO,01 NOT AT INTERSECTION/RRX/BRIDGE,05 DARK-NOT LIGHTED,03 RAIN,02 WET,01 LEVEL,1 STRAIGHT,ONE-WAY TRAFFICWAY,ONE-WAY TRAFFICWAY,NO CONTROLS,NO CONTROLS,,NONE,NOT CODED,NOT CODED,WEATHER CONDITIONS,NOT CODED,NOT CODED,14 MOTOR VEHICLE IN TRANSPORT,01 FRONT TO REAR,01 STRAIGHT AHEAD,FOLLOWED TOO CLOSELY,NO CONTRIBUTING ACTION,00 NOT CODED,00 NOT CODED,00 NOT CODED,00 NOT CODED,01 NO,0,0,0,0,2,0,2,2,N,N,N,N,N,N,N,N,N,N,N,N,N,N,N,N,N,N,N,N,N,N,N,N,N,N,26.725535089,-80.059207914,593568.928043,2956381.811603,C,U,ARBM15Q1R2,"March 1, 2022",3317565,-8912150.555289065,3089223.2494262406
2019880541810,2019,880541810,FHPL19OFF012352,FLORIDA HIGHWAY PATROL,04 FOURTH,PALM BEACH,"February 20, 2019",0850,THURSDAY,9394 WEST PALM BEACH,0694,Y,I 95,OKEECHOBEE BLVD,0.095,S,26.7016821,-80.0724934,26.7024408,-80.0729057,93220000,26.896,02142,SR 9,I 95,R RIGHT,2 THRU LANE 2,N NORTH,01 INTERSTATE URBAN,01 INTERSTATE,01 NON-JUNCTION,01 ON ROADWAY,01 NOT AT INTERSECTION,01 PAVED,35,"June 10, 2019",11 URBAN PRIN ART INT.,64,PAVED WARN,10,LAWN,12,,0,33,246000,RCI,7.3,,65,1 NO INJURY,31 Q/C COMPLETED - LOC VERIFIED,0 NO,01 NOT AT INTERSECTION/RRX/BRIDGE,01 DAYLIGHT,02 CLOUDY,02 WET,01 LEVEL,1 STRAIGHT,"TWO-WAY, DIVIDED, POSITIVE MED","TWO-WAY, DIVIDED, POSITIVE MED",NO CONTROLS,NO CONTROLS,10,NONE,NOT CODED,NOT CODED,NONE,NOT CODED,NOT CODED,14 MOTOR VEHICLE IN TRANSPORT,01 FRONT TO REAR,01 STRAIGHT AHEAD,OPERATED MV IN CARLESS OR NEGL,NO CONTRIBUTING ACTION,00 NOT CODED,00 NOT CODED,00 NOT CODED,00 NOT CODED,01 NO,0,0,0,0,2,0,2,2,N,N,N,N,N,N,N,N,N,N,N,N,N,N,N,N,N,N,N,N,N,Y,N,N,N,Y,26.70228241,-80.072819329,592233.835487,2953796.33962,R,,ARBM15Q1R2,"March 1, 2022",3317588,-8913665.77139635,3086325.4697654294
2019892547210,2019,892547210,20190014679,COUNTY SHERIFF'S OFFICE,04 FOURTH,PALM BEACH,"August 23, 2019",0049,SATURDAY,9394 WEST PALM BEACH,0694,Y,OKEECHOBEE BLVD,SPENCER DR,0.095,W,0,0,26.7065272,-80.0949277,93280000,6.539,01740,SR 704,,R RIGHT,3 THRU LANE 3,E EAST,30 URBAN 6+LN 2WY DIVD RASD,03 STATE,01 NON-JUNCTION,01 ON ROADWAY,01 NOT AT INTERSECTION,03 CURB,34,"May 2, 2017",14 URBAN PRIN ART OTHER,43,PAVED,3,CURB&GUTTER,2,,0,19,53000,RCI,3.3,,45,1 NO INJURY,31 Q/C COMPLETED - LOC VERIFIED,0 NO,01 NOT AT INTERSECTION/RRX/BRIDGE,04 DARK-LIGHTED,03 RAIN,02 WET,01 LEVEL,1 STRAIGHT,"TWO-WAY, DIVIDED, POSITIVE MED","TWO-WAY, DIVIDED, POSITIVE MED",NO CONTROLS,NO CONTROLS,8,NONE,NOT CODED,NOT CODED,NONE,NOT CODED,NOT CODED,14 MOTOR VEHICLE IN TRANSPORT,01 FRONT TO REAR,17 ENTERING TRAFFIC LANE,FAILED TO YIELD RIGHT-OF-WAY,NO CONTRIBUTING ACTION,00 NOT CODED,00 NOT CODED,00 NOT CODED,00 NOT CODED,01 NO,0,0,0,0,2,0,2,3,N,N,N,N,N,N,N,N,N,N,N,N,N,N,N,N,N,N,N,N,N,N,N,N,N,N,26.706489797,-80.095011121,590022.826488,2954246.49905,R,,ARBM15Q1R2,"March 1, 2022",3317844,-8916136.15112508,3086849.7560540913
2019890850590,2019,890850590,20190004721,COUNTY SHERIFF'S OFFICE,04 FOURTH,PALM BEACH,"March 14, 2019",1740,FRIDAY,9394 WEST PALM BEACH,0694,Y,US 98,LAKE AVE,0.002,W,0,0,26.6758643,-80.0611244,93120000,20.487,00375,SR 80,US 98,L LEFT,1 THRU LANE 1,S SOUTH,21 URBAN 4-5LN 2WY DIVD PAVD,02 U.S.,03 INTERSECTION-RELATED,01 ON ROADWAY,01 NOT AT INTERSECTION,03 CURB,41,"June 5, 2018",16 URBAN MINOR ART,22,RAISED CURB,0,,0,,0,12,32000,RCI,3.9,,35,1 NO INJURY,31 Q/C COMPLETED - LOC VERIFIED,0 NO,03 INFLUENCED BY INTERSECTION,01 DAYLIGHT,02 CLOUDY,01 DRY,01 LEVEL,1 STRAIGHT,"TWO-WAY, NOT DIVIDED","TWO-WAY, NOT DIVIDED",TRAFFIC CONTROL SIGNAL,TRAFFIC CONTROL SIGNAL,4,NONE,NOT CODED,NOT CODED,NONE,NOT CODED,NOT CODED,14 MOTOR VEHICLE IN TRANSPORT,03 ANGLE,05 TURNING RIGHT,FAILED TO YIELD RIGHT-OF-WAY,NO CONTRIBUTING ACTION,00 NOT CODED,00 NOT CODED,00 NOT CODED,00 NOT CODED,01 NO,0,0,0,0,2,0,2,2,N,N,N,Y,N,N,N,N,N,N,N,N,N,N,N,N,N,N,N,N,N,Y,N,N,Y,N,26.675852431,-80.061273098,593404.034438,2950877.274394,C,,ARBM15Q1R2,"March 1, 2022",3317911,-8912380.45034971,3083032.449260351
2019890857740,2019,890857740,20190007026,COUNTY SHERIFF'S OFFICE,04 FOURTH,PALM BEACH,"April 22, 2019",0510,TUESDAY,9394 WEST PALM BEACH,0694,Y,BELVEDERE RD,S OLIVE AVE,0,E,0,0,26.690279,-80.052691,93503501,1.061,,,,R RIGHT,S SIDE OF ROAD,E EAST,,05 LOCAL,02 INTERSECTION,02 OFF ROADWAY,03 T-INTERSECTION,03 CURB,0,"December 31, 2000",16 URBAN MINOR ART,,,0,,0,,0,,,RCI,0,,,5 FATAL(WITHIN 30 DAYS) INJURY,33 Q/C VERIFIED AS OFF-SYSTEM,1 ALC,02 AT INTERSECTION,04 DARK-LIGHTED,01 CLEAR,01 DRY,01 LEVEL,1 STRAIGHT,"TWO-WAY, DIVIDED, POSITIVE MED",,STOP SIGN,NOT CODED,,NONE,NONE,NONE,NONE,NONE,NONE,24 CURB,77 OTHER (SEE NARRATIVE),01 STRAIGHT AHEAD,OPERATED MV IN CARLESS OR NEGL,NOT CODED,00 NOT CODED,00 NOT CODED,00 NOT CODED,00 NOT CODED,01 NO,0,1,0,0,1,0,1,1,N,N,N,Y,N,N,N,N,N,N,N,N,N,N,N,N,Y,N,N,N,N,N,N,N,N,N,26.690275233,-80.052691187,594246.125711,2952481.102417,C,U,ARBM15Q1R2,"March 1, 2022",3317947,-8911425.116134569,3084829.3512175763
2019879607070,2019,879607070,20190003683,COUNTY SHERIFF'S OFFICE,04 FOURTH,PALM BEACH,"February 26, 2019",1604,WEDNESDAY,9394 WEST PALM BEACH,0694,Y,SR 704,RED TRL,0.019,E,0,0,26.7061297,-80.079016,93280000,7.522,04802,SR 704,,L LEFT,1 THRU LANE 1,0,30 URBAN 6+LN 2WY DIVD RASD,03 STATE,01 NON-JUNCTION,01 ON ROADWAY,01 NOT AT INTERSECTION,03 CURB,34,"May 2, 2017",14 URBAN PRIN ART OTHER,43,PAVED,3,CURB&GUTTER,2,,0,21,57000,RCI,5.8,,45,1 NO INJURY,31 Q/C COMPLETED - LOC VERIFIED,0 NO,03 INFLUENCED BY INTERSECTION,01 DAYLIGHT,02 CLOUDY,01 DRY,00 NOT CODED,0 NOT CODED,NOT CODED,"TWO-WAY, DIVIDED, POSITIVE MED",NOT CODED,NO CONTROLS,8,NONE,NOT CODED,NOT CODED,NONE,NOT CODED,NOT CODED,14 MOTOR VEHICLE IN TRANSPORT,"04 SIDESWIPE, SAME DIRECTION",00 NOT CODED,NOT CODED,NO CONTRIBUTING ACTION,00 NOT CODED,00 NOT CODED,00 NOT CODED,00 NOT CODED,01 NO,0,0,0,0,2,0,2,3,N,N,N,Y,N,N,N,N,N,N,N,N,N,N,N,N,N,N,N,N,N,Y,N,N,N,Y,26.706274934,-80.078788268,591636.832683,2954234.25979,L,,ARBM15Q1R2,"March 1, 2022",3318100,-8914330.230791645,3086822.981319471
2019879603630,2019,879603630,20190002588,COUNTY SHERIFF'S OFFICE,04 FOURTH,PALM BEACH,"February 9, 2019",1621,SUNDAY,9394 WEST PALM BEACH,0694,Y,CONGRESS AVE,OKEECHOBEE BLVD,0.026,N,0,0,26.7062837,-80.0862525,93280000,7.075,01744,SR 704,,T SIDE RD LEFT,1 THRU LANE 1,N NORTH,30 URBAN 6+LN 2WY DIVD RASD,04 COUNTY,01 NON-JUNCTION,01 ON ROADWAY,01 NOT AT INTERSECTION,03 CURB,34,"May 2, 2017",14 URBAN PRIN ART OTHER,43,PAVED,3,CURB&GUTTER,2,,0,31,53000,RCI,3.3,,45,1 NO INJURY,31 Q/C COMPLETED - LOC VERIFIED,0 NO,04 DRIVEWAY ACCESS,01 DAYLIGHT,02 CLOUDY,01 DRY,01 LEVEL,1 STRAIGHT,"TWO-WAY, DIVIDED, POSITIVE MED","TWO-WAY, DIVIDED, POSITIVE MED",NO CONTROLS,NO CONTROLS,8,NONE,NONE,NONE,NONE,NONE,NONE,14 MOTOR VEHICLE IN TRANSPORT,03 ANGLE,06 CHANGING LANES,FAILED TO YIELD RIGHT-OF-WAY,NO CONTRIBUTING ACTION,00 NOT CODED,00 NOT CODED,00 NOT CODED,00 NOT CODED,01 NO,0,0,0,0,2,0,2,2,N,N,N,N,N,N,N,N,N,N,N,N,N,N,N,N,N,N,N,N,N,N,N,N,N,N,26.706464821,-80.086050957,590914.194541,2954250.091861,L,,ARBM15Q1R2,"March 1, 2022",3318129,-8915138.709915947,3086846.6437665676
2019880542110,2019,880542110,FHPL19OFF033033,FLORIDA HIGHWAY PATROL,04 FOURTH,PALM BEACH,"May 19, 2019",1043,MONDAY,9394 WEST PALM BEACH,0694,Y,I 95,BLUE HERON BLVD,0,,26.7783084,-80.0985365,26.7799449,-80.0987454,93220078,0,01193,SR 9,I 95,R RIGHT,X RAMP,N NORTH,07 RAMP URBAN,01 INTERSTATE,01 NON-JUNCTION,06 GORE,01 NOT AT INTERSECTION,01 PAVED,0,"December 31, 2000",,24,PAVED,8,LAWN,12,,0,,13500,RCI,8.2,,,1 NO INJURY,31 Q/C COMPLETED - LOC VERIFIED,0 NO,08 EXIT RAMP,01 DAYLIGHT,01 CLEAR,01 DRY,01 LEVEL,1 STRAIGHT,ONE-WAY TRAFFICWAY,,NO CONTROLS,NOT CODED,2,NONE,NOT CODED,NOT CODED,NONE,NOT CODED,NOT CODED,30 CONCRETE TRAFFIC BARRIER,77 OTHER (SEE NARRATIVE),77 OTHER (SEE NARRATIVE),OTHER CONTRIBUTING ACTION,NOT CODED,00 NOT CODED,00 NOT CODED,00 NOT CODED,00 NOT CODED,01 NO,0,0,0,0,1,0,1,1,N,N,N,N,Y,N,N,N,N,N,N,N,N,N,N,N,N,N,N,N,N,N,N,N,N,N,26.779945612,-80.098758446,589592.4521,2962380.0729,O,,ARBM15Q1R2,"March 1, 2022",3318163,-8916553.301705355,3096006.275832649
2019880537300,2019,880537300,FHPL19OFF031447,FLORIDA HIGHWAY PATROL,04 FOURTH,PALM BEACH,"May 12, 2019",1423,MONDAY,9394 WEST PALM BEACH,0694,Y,I 95,SOUTHERN BLVD,0.5,N,26.687707,-80.0675844,26.6837281,-80.0691083,93220000,25.482,04914,SR 9,I 95,L LEFT,5 THRU LANE 5,S SOUTH,01 INTERSTATE URBAN,01 INTERSTATE,01 NON-JUNCTION,01 ON ROADWAY,01 NOT AT INTERSECTION,01 PAVED,35,"June 10, 2019",11 URBAN PRIN ART INT.,64,PAVED WARN,10,LAWN,0,,0,33,210000,RCI,7.3,1D3000,65,2 POSSIBLE INJURY,31 Q/C COMPLETED - LOC VERIFIED,0 NO,01 NOT AT INTERSECTION/RRX/BRIDGE,01 DAYLIGHT,03 RAIN,02 WET,01 LEVEL,1 STRAIGHT,"TWO-WAY, DIVIDED, POSITIVE MED","TWO-WAY, DIVIDED, POSITIVE MED",NO CONTROLS,NO CONTROLS,10,NONE,NOT CODED,NOT CODED,NONE,NOT CODED,NOT CODED,14 MOTOR VEHICLE IN TRANSPORT,01 FRONT TO REAR,01 STRAIGHT AHEAD,OPERATED MV IN CARLESS OR NEGL,NO CONTRIBUTING ACTION,00 NOT CODED,00 NOT CODED,00 NOT CODED,00 NOT CODED,01 NO,5,0,0,0,2,0,2,5,N,N,N,N,N,N,N,N,N,N,N,N,N,N,N,N,N,N,N,N,Y,N,N,N,N,N,26.683420973,-80.069519399,592577.364354,2951709.578919,L,,ARBM15Q1R2,"March 1, 2022",3318170,-8913298.424609838,3083975.367182907
2019894539830,2019,894539830,20190020804,COUNTY SHERIFF'S OFFICE,04 FOURTH,PALM BEACH,"December 6, 2019",1041,SATURDAY,9394 WEST PALM BEACH,0694,Y,OKEECHOBEE BLVD,93220065 NB ON,0.028,W,0,0,26.7059189,-80.0740817,93280000,7.827,01751,SR 704,,R RIGHT,4 THRU LANE 4,E EAST,30 URBAN 6+LN 2WY DIVD RASD,03 STATE,01 NON-JUNCTION,01 ON ROADWAY,01 NOT AT INTERSECTION,03 CURB,32,"May 2, 2017",14 URBAN PRIN ART OTHER,34,PAVED WARN,16,CURB&GUTTER,2,,0,21,77500,RCI,3.3,,45,1 NO INJURY,31 Q/C COMPLETED - LOC VERIFIED,0 NO,03 INFLUENCED BY INTERSECTION,01 DAYLIGHT,01 CLEAR,01 DRY,01 LEVEL,1 STRAIGHT,"TWO-WAY, DIVIDED, POSITIVE MED","TWO-WAY, DIVIDED, POSITIVE MED",NO CONTROLS,NO CONTROLS,7,NONE,NOT CODED,NOT CODED,NONE,NOT CODED,NOT CODED,14 MOTOR VEHICLE IN TRANSPORT,01 FRONT TO REAR,01 STRAIGHT AHEAD,FOLLOWED TOO CLOSELY,NO CONTRIBUTING ACTION,00 NOT CODED,00 NOT CODED,00 NOT CODED,00 NOT CODED,01 NO,0,0,0,0,3,0,3,9,N,N,N,Y,N,N,N,N,N,N,N,N,N,N,N,N,N,N,N,N,Y,N,N,N,N,N,26.705891213,-80.07413392,592100.153227,2954195.111992,R,,ARBM15Q1R2,"March 1, 2022",3318209,-8913812.111023083,3086775.164820654
2019872946720,2019,872946720,FHPL19OFF004190,FLORIDA HIGHWAY PATROL,04 FOURTH,PALM BEACH,"January 16, 2019",0755,THURSDAY,9394 WEST PALM BEACH,0694,N,I 95,BLUE HERON BLVD,0.038,N,26.78348,-80.10011,26.7839826,-80.0998933,93220077,0.175,02999,SR 9,I 95,L LEFT,X RAMP,0,07 RAMP URBAN,01 INTERSTATE,03 INTERSECTION-RELATED,01 ON ROADWAY,02 FOUR-WAY INTERSECTION,01 PAVED,0,"December 31, 2000",,60,PAVED,8,LAWN,12,,0,,12000,RCI,8.2,,,1 NO INJURY,31 Q/C COMPLETED - LOC VERIFIED,0 NO,08 EXIT RAMP,01 DAYLIGHT,01 CLEAR,01 DRY,00 NOT CODED,0 NOT CODED,ONE-WAY TRAFFICWAY,ONE-WAY TRAFFICWAY,TRAFFIC CONTROL SIGNAL,TRAFFIC CONTROL SIGNAL,5,NONE,NOT CODED,NOT CODED,NONE,NOT CODED,NOT CODED,14 MOTOR VEHICLE IN TRANSPORT,01 FRONT TO REAR,00 NOT CODED,NOT CODED,NO CONTRIBUTING ACTION,00 NOT CODED,00 NOT CODED,00 NOT CODED,00 NOT CODED,01 NO,0,0,0,0,1,0,2,1,N,N,N,N,N,N,N,N,N,N,N,N,N,N,N,N,N,N,N,N,N,N,N,N,N,N,26.783982253,-80.09987188,589478.594702,2962826.403169,O,,ARBM15Q1R2,"March 1, 2022",3318289,-8916677.248738201,3096509.6286485298
2019892556800,2019,892556800,20190018288,COUNTY SHERIFF'S OFFICE,04 FOURTH,PALM BEACH,"October 23, 2019",1950,THURSDAY,9394 WEST PALM BEACH,0694,Y,DIXIE HWY S,FOREST HILL BLVD,0,,0,0,26.6551526,-80.0559967,93050000,4.416,00098,SR 805,US 1,L LEFT,1 THRU LANE 1,N NORTH,21 URBAN 4-5LN 2WY DIVD PAVD,03 STATE,02 INTERSECTION,01 ON ROADWAY,02 FOUR-WAY INTERSECTION,03 CURB,35,"May 1, 2017",16 URBAN MINOR ART,24,CURB&GUTTER,2,,0,,0,13,23000,RCI,4,,35,2 POSSIBLE INJURY,31 Q/C COMPLETED - LOC VERIFIED,0 NO,02 AT INTERSECTION,04 DARK-LIGHTED,01 CLEAR,02 WET,01 LEVEL,1 STRAIGHT,"TWO-WAY, NOT DIVIDED","TWO-WAY, NOT DIVIDED",TRAFFIC CONTROL SIGNAL,TRAFFIC CONTROL SIGNAL,4,NONE,NOT CODED,NOT CODED,NONE,NOT CODED,NOT CODED,14 MOTOR VEHICLE IN TRANSPORT,03 ANGLE,03 TURNING LEFT,FAILED TO YIELD RIGHT-OF-WAY,NO CONTRIBUTING ACTION,00 NOT CODED,00 NOT CODED,00 NOT CODED,00 NOT CODED,01 NO,3,0,0,0,2,0,2,4,N,N,N,Y,N,N,N,N,N,N,N,N,N,N,N,N,N,N,N,N,N,N,N,N,N,N,26.655115975,-80.056003608,593945.365551,2948584.310228,C,,ARBM15Q1R2,"March 1, 2022",3318400,-8911793.85305749,3080449.342500753
2019890854150,2019,890854150,20190005777,COUNTY SHERIFF'S OFFICE,04 FOURTH,PALM BEACH,"April 1, 2019",1301,TUESDAY,9394 WEST PALM BEACH,0694,Y,DIXIE HWY S,BUNKER RANCH RD,0,,0,0,26.6649298,-80.0555219,93050000,5.091,00115,SR 805,US 1,L LEFT,1 THRU LANE 1,0,22 URBAN 4-5LN 2WY UNDIVD,02 U.S.,03 INTERSECTION-RELATED,01 ON ROADWAY,01 NOT AT INTERSECTION,03 CURB,35,"May 1, 2017",16 URBAN MINOR ART,53,PAVED,8,CURB&GUTTER,2,,0,,18400,RCI,7,,35,1 NO INJURY,31 Q/C COMPLETED - LOC VERIFIED,0 NO,03 INFLUENCED BY INTERSECTION,01 DAYLIGHT,02 CLOUDY,01 DRY,00 NOT CODED,0 NOT CODED,NOT CODED,"TWO-WAY, NOT DIVIDED",NOT CODED,NO CONTROLS,4,NONE,NOT CODED,NOT CODED,NONE,NOT CODED,NOT CODED,14 MOTOR VEHICLE IN TRANSPORT,01 FRONT TO REAR,00 NOT CODED,NOT CODED,NO CONTRIBUTING ACTION,00 NOT CODED,00 NOT CODED,00 NOT CODED,00 NOT CODED,01 NO,0,0,0,0,2,0,2,2,N,N,N,Y,N,N,N,N,N,N,N,N,N,N,N,N,N,N,N,N,N,Y,N,Y,N,N,26.664900547,-80.05551322,593986.154183,2949668.438894,C,,ARBM15Q1R2,"March 1, 2022",3318475,-8911739.263414307,3081668.1322653405
2019892542040,2019,892542040,20190012570,COUNTY SHERIFF'S OFFICE,04 FOURTH,PALM BEACH,"July 19, 2019",2042,SATURDAY,9394 WEST PALM BEACH,0694,Y,I 95,SOUTHERN BLVD,0.002,N,0,0,26.6764583,-80.0704588,93220155,0.518,04892,SR 9,I 95,L LEFT,X RAMP,S SOUTH,07 RAMP URBAN,01 INTERSTATE,03 INTERSECTION-RELATED,01 ON ROADWAY,02 FOUR-WAY INTERSECTION,01 PAVED,0,"December 31, 2000",,16,CURB&GUTTER,7,CURB&GUTTER,2,CURB&GUTTER,2,,16000,RCI,8.1,,,2 POSSIBLE INJURY,31 Q/C COMPLETED - LOC VERIFIED,0 NO,08 EXIT RAMP,01 DAYLIGHT,01 CLEAR,01 DRY,01 LEVEL,1 STRAIGHT,ONE-WAY TRAFFICWAY,ONE-WAY TRAFFICWAY,TRAFFIC CONTROL SIGNAL,NO CONTROLS,1,NONE,NOT CODED,NOT CODED,NONE,NOT CODED,NOT CODED,14 MOTOR VEHICLE IN TRANSPORT,"04 SIDESWIPE, SAME DIRECTION",05 TURNING RIGHT,OPERATED MV IN CARLESS OR NEGL,NO CONTRIBUTING ACTION,00 NOT CODED,00 NOT CODED,00 NOT CODED,00 NOT CODED,01 NO,3,0,0,0,2,0,2,4,N,N,N,N,N,N,Y,N,N,N,N,Y,N,N,N,N,N,N,N,N,N,N,N,N,N,N,26.676477781,-80.070480093,592487.378333,2950939.8337,O,,ARBM15Q1R2,"March 1, 2022",3318581,-8913405.368724657,3083110.355319176
2019879603500,2019,879603500,20190002546,COUNTY SHERIFF'S OFFICE,04 FOURTH,PALM BEACH,"February 8, 2019",2220,SATURDAY,9394 WEST PALM BEACH,0694,Y,DIXIE HWY S,FRANKLIN RD,0,,0,0,26.6581237,-80.0559053,93050000,4.621,00102,SR 805,US 1,L LEFT,1 THRU LANE 1,W WEST,22 URBAN 4-5LN 2WY UNDIVD,03 STATE,01 NON-JUNCTION,01 ON ROADWAY,01 NOT AT INTERSECTION,01 PAVED,35,"May 1, 2017",16 URBAN MINOR ART,53,PAVED,8,CURB&GUTTER,2,,0,,23000,RCI,4,,35,2 POSSIBLE INJURY,31 Q/C COMPLETED - LOC VERIFIED,0 NO,02 AT INTERSECTION,04 DARK-LIGHTED,01 CLEAR,01 DRY,01 LEVEL,1 STRAIGHT,"TWO-WAY, DIVIDED, UNPROTECTED","TWO-WAY, DIVIDED, UNPROTECTED",NO CONTROLS,NO CONTROLS,4,NONE,NOT CODED,NOT CODED,NONE,NOT CODED,NOT CODED,14 MOTOR VEHICLE IN TRANSPORT,03 ANGLE,03 TURNING LEFT,FAILED TO YIELD RIGHT-OF-WAY,NO CONTRIBUTING ACTION,00 NOT CODED,00 NOT CODED,00 NOT CODED,00 NOT CODED,01 NO,1,0,0,0,2,0,2,5,N,N,N,Y,N,N,N,N,N,N,N,N,N,N,N,N,N,N,N,N,N,Y,N,Y,N,N,26.65808939,-80.055905087,593952.735789,2948913.726614,C,,ARBM15Q1R2,"March 1, 2022",3318652,-8911782.885884618,3080819.7070912328