Crash Id,Calendar Year,FDOT Crash Number,Reporting Agency Case Number,Reporting Agency Type,FDOT Managing District,County Name,Crash Date,Crash Time,Day,DHSMV City,Crash Report City Code,In Town,On Roadway Name,Int Roadway Name,Reference Distance (Miles),Reference Direction,Officer Latitude,Officer Longitude,FDOT Latitude,FDOT Longitude,FDOT Roadway,Nearest Inventory MP,Nearest Node From Crash,State Road #,US Highway,Crash Side of Road,Accident Lane Number,Travel Direction Vehicle 1,FDOT Road Category,DHSMV Road System Id,Relation to Junction,Crash Harmful Event Location,Intersection Type,Shoulder Type,FDOT Roadway SKID Test Result,FDOT Roadway SKID Test Date,Functional Class,RCI Surface Width,RCI Shoulder Type First,RCI Shoulder Width First,RCI Shoulder Type Second,RCI Shoulder Width Second,RCI Shoulder Type Third,RCI Shoulder Width Third,RCI Median Width,Avg Daily Traffic,AADT Source,RCI Avg Per Truck Traffic,RCI Horiz Curve Condition,Posted Speed Limit,Highest Injury in Crash,CAR Status Code,Alcohols/Drug Involved,Site Location,Lighting,Weather,Road Surface,Roadway Grade,Roadway Alignment,Traffic Way Vehicle 1,Traffic Way Vehicle 2,Traffic Control Vehicle 1,Traffic Control Vehicle 2,Count of Lanes,Road Condition 1,Road Condition 2,Road Condition 3,Environment Condition 1,Environment Condition 2,Environment Condition 3,Crash Harmful Event,Manner of Collision,Vehicle Movement,Driver Action Vehicle 1,Driver Action Vehicle 2,Location Within Workzone,Type of Workzone,Workers Present in Workzone,Law Enforcement Present in Workzone,School Bus Related,Count of Nonfatal Injuries,Count of Traffic Fatalities,Count of Serious Injuries,Count of Pedestrians,Count of Drivers,Count of Bicyclists,Count of Vehicles,Count of Persons,Wrong Way,Workzone Inv,Commercial Vehicle Inv,Intersection Inv,Lane Departure,Speeding,Agressive Driving,Impaired Driver,Impaired Pedestrian,Impaired Bicyclist,Distracted Driver,Speeding or Aggressive Driving,Pedestrian Related,Bicyclist Related,Pedestrian or Bicyclist Related,Motorcycle Inv,No Belt,No Belt - Ages 1-4,No Belt - Ages 5-12,No Belt - Ages 13-17,Driver - Ages Teen,Driver - Ages 65 plus,Driver - Ages 65-69,Driver - Ages 70-74,Driver - Ages 75-79,Driver - Ages 80 plus,ARBM Latitude,ARBM Longitude,UTM Zone 17N X,UTM Zone 17N Y,ARBM Side of Road,Urban Rural Indicator,GIS Street Source,Extract Date,OBJECTID,x,y
2019880538790,2019,880538790,FHPL19OFF045140,FLORIDA HIGHWAY PATROL,04 FOURTH,PALM BEACH,"July 9, 2019",0640,WEDNESDAY,9394 WEST PALM BEACH,0694,Y,I 95,BELVEDERE RD,0.057,S,26.6898746,-80.066142,26.6896699,-80.0661514,93220158,0.684,03598,SR 9,I 95,R RIGHT,X RAMP,N NORTH,07 RAMP URBAN,01 INTERSTATE,14 ENTRANCE/EXIT RAMP,02 OFF ROADWAY,01 NOT AT INTERSECTION,01 PAVED,0,"December 31, 2000",,24,PAVED,3,VALLEY GUTR,2,,0,,10500,RCI,3.3,,,1 NO INJURY,31 Q/C COMPLETED - LOC VERIFIED,0 NO,08 EXIT RAMP,01 DAYLIGHT,02 CLOUDY,01 DRY,01 LEVEL,1 STRAIGHT,ONE-WAY TRAFFICWAY,,TRAFFIC CONTROL SIGNAL,NOT CODED,2,NONE,NOT CODED,NOT CODED,NONE,NOT CODED,NOT CODED,01 OVERTURN/ROLLOVER,77 OTHER (SEE NARRATIVE),01 STRAIGHT AHEAD,RAN OFF ROADWAY,NOT CODED,00 NOT CODED,00 NOT CODED,00 NOT CODED,00 NOT CODED,01 NO,0,0,0,0,1,0,1,2,N,N,N,N,Y,N,N,N,N,N,N,N,N,N,N,N,N,N,N,N,N,N,N,N,N,N,26.689674959,-80.066163597,592906.193741,2952404.729602,O,,ARBM15Q1R2,"March 1, 2022",3319825,-8912924.85844782,3084754.5599930463
2019880848860,2019,880848860,FHPL19OFF028774,FLORIDA HIGHWAY PATROL,04 FOURTH,PALM BEACH,"May 1, 2019",2020,THURSDAY,9394 WEST PALM BEACH,0694,N,I 95,BELVEDERE RD,0.2,N,26.69076,-80.0669999,26.6936959,-80.0677571,93220000,26.215,02141,SR 9,I 95,M MEDIAN,M MIDDLE,S SOUTH,01 INTERSTATE URBAN,01 INTERSTATE,01 NON-JUNCTION,02 OFF ROADWAY,01 NOT AT INTERSECTION,01 PAVED,35,"June 10, 2019",11 URBAN PRIN ART INT.,64,PAVED WARN,10,,0,,0,33,246000,RCI,7.3,,65,1 NO INJURY,31 Q/C COMPLETED - LOC VERIFIED,0 NO,01 NOT AT INTERSECTION/RRX/BRIDGE,04 DARK-LIGHTED,03 RAIN,02 WET,01 LEVEL,1 STRAIGHT,"TWO-WAY, DIVIDED, POSITIVE MED","TWO-WAY, DIVIDED, POSITIVE MED",NO CONTROLS,NO CONTROLS,10,NONE,NOT CODED,NOT CODED,NONE,NOT CODED,NOT CODED,30 CONCRETE TRAFFIC BARRIER,77 OTHER (SEE NARRATIVE),01 STRAIGHT AHEAD,FAILED TO KEEP IN PROPER LANE,NO CONTRIBUTING ACTION,00 NOT CODED,00 NOT CODED,00 NOT CODED,00 NOT CODED,01 NO,0,0,0,0,2,0,2,3,N,N,N,N,Y,N,N,N,N,N,N,N,N,N,N,N,N,N,N,N,N,N,N,N,N,N,26.693512376,-80.067702737,592749.951611,2952828.653889,R,,ARBM15Q1R2,"March 1, 2022",3319839,-8913096.194740746,3085232.6902994537
2019892549370,2019,892549370,20190015505,COUNTY SHERIFF'S OFFICE,04 FOURTH,PALM BEACH,"September 9, 2019",0847,TUESDAY,9394 WEST PALM BEACH,0694,Y,FOREST HILL BLVD,PARKER AVE,0.028,W,0,0,26.6553114,-80.064517,93016000,8.702,02426,SR 882,,R RIGHT,1 THRU LANE 1,0,11 URBAN 2-3LN 2WY DIVD PAVD,03 STATE,03 INTERSECTION-RELATED,01 ON ROADWAY,01 NOT AT INTERSECTION,03 CURB,39,"May 8, 2018",16 URBAN MINOR ART,18,PAVED,2,RAISED CURB,0,,0,11,31000,RCI,3,,35,1 NO INJURY,31 Q/C COMPLETED - LOC VERIFIED,0 NO,03 INFLUENCED BY INTERSECTION,01 DAYLIGHT,01 CLEAR,01 DRY,00 NOT CODED,0 NOT CODED,NOT CODED,"TWO-WAY, NOT DIVIDED",NOT CODED,NO CONTROLS,2,NONE,NOT CODED,NOT CODED,NONE,NOT CODED,NOT CODED,14 MOTOR VEHICLE IN TRANSPORT,"04 SIDESWIPE, SAME DIRECTION",00 NOT CODED,NOT CODED,NO CONTRIBUTING ACTION,00 NOT CODED,00 NOT CODED,00 NOT CODED,00 NOT CODED,01 NO,0,0,0,0,2,0,2,2,N,N,N,Y,N,N,N,N,N,N,N,N,N,N,N,N,N,N,N,N,N,N,N,N,N,N,26.655311381,-80.064512089,593098.407894,2948599.722545,C,,ARBM15Q1R2,"March 1, 2022",3320132,-8912741.013164073,3080473.681670051
2019892541530,2019,892541530,20190012387,COUNTY SHERIFF'S OFFICE,04 FOURTH,PALM BEACH,"July 17, 2019",0951,THURSDAY,9394 WEST PALM BEACH,0694,Y,OKEECHOBEE BLVD,CHILLINGWORTH DR,0.009,E,0,0,26.7062015,-80.0817844,93280000,7.351,01746,SR 704,,L LEFT,1 THRU LANE 1,W WEST,30 URBAN 6+LN 2WY DIVD RASD,05 LOCAL,01 NON-JUNCTION,01 ON ROADWAY,01 NOT AT INTERSECTION,03 CURB,34,"May 2, 2017",14 URBAN PRIN ART OTHER,43,PAVED,3,CURB&GUTTER,2,,0,19,53000,RCI,3.3,,45,2 POSSIBLE INJURY,31 Q/C COMPLETED - LOC VERIFIED,0 NO,03 INFLUENCED BY INTERSECTION,01 DAYLIGHT,01 CLEAR,01 DRY,01 LEVEL,1 STRAIGHT,"TWO-WAY, DIVIDED, POSITIVE MED","TWO-WAY, DIVIDED, POSITIVE MED",NO CONTROLS,NO CONTROLS,8,NONE,NOT CODED,NOT CODED,NONE,NOT CODED,NOT CODED,14 MOTOR VEHICLE IN TRANSPORT,03 ANGLE,77 OTHER (SEE NARRATIVE),OPERATED MV IN CARLESS OR NEGL,NO CONTRIBUTING ACTION,00 NOT CODED,00 NOT CODED,00 NOT CODED,00 NOT CODED,01 NO,1,0,0,0,2,0,2,2,N,N,N,Y,N,N,N,N,N,N,N,N,N,N,N,N,N,N,N,N,N,Y,N,Y,N,N,26.706347311,-80.081566758,591360.372504,2954240.282168,L,,ARBM15Q1R2,"March 1, 2022",3320133,-8914639.531019779,3086832.0005254894
2019892555150,2019,892555150,20190017666,COUNTY SHERIFF'S OFFICE,04 FOURTH,PALM BEACH,"October 13, 2019",1546,MONDAY,9394 WEST PALM BEACH,0694,Y,OKEECHOBEE BLVD,GRANDE BLVD,0.189,W,0,0,26.7088428,-80.1853646,93280000,0.952,04788,SR 704,,L LEFT,3 THRU LANE 3,W WEST,33 SUBURBAN 6+LN 2WY DIVD RASD,03 STATE,01 NON-JUNCTION,01 ON ROADWAY,01 NOT AT INTERSECTION,02 UNPAVED,41,"May 2, 2017",14 URBAN PRIN ART OTHER,48,PAVED,4,LAWN,9,,0,24,52500,RCI,6.8,,50,1 NO INJURY,31 Q/C COMPLETED - LOC VERIFIED,0 NO,01 NOT AT INTERSECTION/RRX/BRIDGE,01 DAYLIGHT,02 CLOUDY,01 DRY,01 LEVEL,1 STRAIGHT,"TWO-WAY, DIVIDED, POSITIVE MED","TWO-WAY, DIVIDED, POSITIVE MED",NO CONTROLS,NO CONTROLS,8,NONE,NOT CODED,NOT CODED,NONE,NOT CODED,NOT CODED,14 MOTOR VEHICLE IN TRANSPORT,03 ANGLE,06 CHANGING LANES,OPERATED MV IN CARLESS OR NEGL,NO CONTRIBUTING ACTION,00 NOT CODED,00 NOT CODED,00 NOT CODED,00 NOT CODED,01 NO,0,0,0,0,2,0,2,3,N,N,N,N,Y,N,Y,N,N,N,N,Y,N,N,N,N,N,N,N,N,Y,Y,N,N,N,Y,26.709024819,-80.185537544,581015.626508,2954466.54829,L,,ARBM15Q1R2,"March 1, 2022",3320136,-8926213.509364296,3087165.6565021337
2019890861380,2019,890861380,20190008153,COUNTY SHERIFF'S OFFICE,04 FOURTH,PALM BEACH,"May 8, 2019",1954,THURSDAY,9394 WEST PALM BEACH,0694,Y,DIXIE HWY N,17TH ST,0,,0,0,26.7293749,-80.0530363,93020000,9.556,00736,SR 5,US 1,I INTERSECTION,M MIDDLE,N NORTH,22 URBAN 4-5LN 2WY UNDIVD,05 LOCAL,02 INTERSECTION,01 ON ROADWAY,03 T-INTERSECTION,01 PAVED,43,"June 10, 2019",16 URBAN MINOR ART,44,PAVED,2,CURB&GUTTER,2,,0,,16200,RCI,2.4,,30,1 NO INJURY,31 Q/C COMPLETED - LOC VERIFIED,0 NO,02 AT INTERSECTION,01 DAYLIGHT,01 CLEAR,01 DRY,01 LEVEL,1 STRAIGHT,"TWO-WAY, DIVIDED, UNPROTECTED","TWO-WAY, DIVIDED, UNPROTECTED",NO CONTROLS,NO CONTROLS,4,NONE,NOT CODED,NOT CODED,NONE,NOT CODED,NOT CODED,14 MOTOR VEHICLE IN TRANSPORT,03 ANGLE,03 TURNING LEFT,FAILED TO YIELD RIGHT-OF-WAY,NO CONTRIBUTING ACTION,00 NOT CODED,00 NOT CODED,00 NOT CODED,00 NOT CODED,01 NO,0,0,0,0,2,0,2,2,N,N,N,Y,N,N,Y,N,N,N,Y,Y,N,N,N,N,N,N,N,N,N,N,N,N,N,N,26.729286002,-80.053011246,594182.178742,2956801.844329,C,,ARBM15Q1R2,"March 1, 2022",3320251,-8911460.745155055,3089690.7485280302
2019890863260,2019,890863260,20190008796,COUNTY SHERIFF'S OFFICE,04 FOURTH,PALM BEACH,"May 19, 2019",0650,MONDAY,9394 WEST PALM BEACH,0694,Y,SUMMIT BLVD,PARKER AVE,0,E,0,0,26.665844,-80.063626,93A12957,0,,,,I INTERSECTION,M MIDDLE,E EAST,,05 LOCAL,02 INTERSECTION,01 ON ROADWAY,02 FOUR-WAY INTERSECTION,03 CURB,0,"December 31, 2000",,,,0,,0,,0,,,RCI,0,,,2 POSSIBLE INJURY,33 Q/C VERIFIED AS OFF-SYSTEM,0 NO,02 AT INTERSECTION,01 DAYLIGHT,01 CLEAR,01 DRY,01 LEVEL,1 STRAIGHT,"TWO-WAY, NOT DIVIDED","TWO-WAY, NOT DIVIDED",TRAFFIC CONTROL SIGNAL,TRAFFIC CONTROL SIGNAL,,NONE,NOT CODED,NOT CODED,NONE,NOT CODED,NOT CODED,14 MOTOR VEHICLE IN TRANSPORT,03 ANGLE,01 STRAIGHT AHEAD,RAN RED LIGHT,NO CONTRIBUTING ACTION,00 NOT CODED,00 NOT CODED,00 NOT CODED,00 NOT CODED,01 NO,2,0,0,0,2,0,2,3,N,N,N,Y,N,N,N,N,N,N,N,N,N,N,N,N,N,N,N,N,N,N,N,N,N,N,26.665845037,-80.063625956,593178.042728,2949767.105944,C,U,ARBM15Q1R2,"March 1, 2022",3320252,-8912642.369342767,3081785.7857130053
2019879601690,2019,879601690,20190001908,COUNTY SHERIFF'S OFFICE,04 FOURTH,PALM BEACH,"January 30, 2019",1108,THURSDAY,9394 WEST PALM BEACH,0694,Y,US 1,PILGRIM RD,0.024,S,0,0,26.6672587,-80.0553495,93050000,5.252,00120,SR 805,US 1,L LEFT,1 THRU LANE 1,S SOUTH,22 URBAN 4-5LN 2WY UNDIVD,05 LOCAL,01 NON-JUNCTION,01 ON ROADWAY,01 NOT AT INTERSECTION,03 CURB,35,"May 1, 2017",16 URBAN MINOR ART,53,PAVED,8,CURB&GUTTER,2,,0,,18400,RCI,7,,35,1 NO INJURY,31 Q/C COMPLETED - LOC VERIFIED,0 NO,01 NOT AT INTERSECTION/RRX/BRIDGE,01 DAYLIGHT,01 CLEAR,01 DRY,01 LEVEL,1 STRAIGHT,"TWO-WAY, NOT DIVIDED","TWO-WAY, NOT DIVIDED",NO CONTROLS,NO CONTROLS,4,NONE,NOT CODED,NOT CODED,NONE,NOT CODED,NOT CODED,15 PARKED MOTOR VEHICLE,77 OTHER (SEE NARRATIVE),01 STRAIGHT AHEAD,OTHER CONTRIBUTING ACTION,NOT CODED,00 NOT CODED,00 NOT CODED,00 NOT CODED,00 NOT CODED,01 NO,0,0,0,0,1,0,2,1,N,N,N,N,N,N,N,N,N,N,N,N,N,N,N,N,N,N,N,N,N,N,N,N,N,N,26.667232274,-80.05534701,594000.7835,2949926.830417,C,,ARBM15Q1R2,"March 1, 2022",3320324,-8911720.761016805,3081958.593180879
2019880849090,2019,880849090,FHPL19OFF045062,FLORIDA HIGHWAY PATROL,04 FOURTH,PALM BEACH,"July 8, 2019",1740,TUESDAY,9394 WEST PALM BEACH,0694,N,SR 9,SR 882,0,,26.65531,-80.0693899,26.6580039,-80.0704886,93220051,0,02218,SR 9,I 95,L LEFT,X RAMP,S SOUTH,07 RAMP URBAN,01 INTERSTATE,01 NON-JUNCTION,01 ON ROADWAY,01 NOT AT INTERSECTION,01 PAVED,0,"December 31, 2000",,24,PAVED,3,LAWN,12,,0,,14500,RCI,2.7,,,1 NO INJURY,31 Q/C COMPLETED - LOC VERIFIED,0 NO,08 EXIT RAMP,01 DAYLIGHT,02 CLOUDY,01 DRY,01 LEVEL,1 STRAIGHT,"TWO-WAY, DIVIDED, POSITIVE MED","TWO-WAY, DIVIDED, POSITIVE MED",NO CONTROLS,NO CONTROLS,2,NONE,NOT CODED,NOT CODED,NONE,NOT CODED,NOT CODED,14 MOTOR VEHICLE IN TRANSPORT,01 FRONT TO REAR,01 STRAIGHT AHEAD,OPERATED MV IN CARLESS OR NEGL,NO CONTRIBUTING ACTION,00 NOT CODED,00 NOT CODED,00 NOT CODED,00 NOT CODED,01 NO,0,0,0,0,2,0,2,2,N,N,N,N,N,N,N,N,N,N,N,N,N,N,N,N,N,N,N,N,N,N,N,N,N,N,26.658004959,-80.070492937,592500.9993,2948893.7238,O,,ARBM15Q1R2,"March 1, 2022",3320433,-8913406.798372693,3080809.1904183733
2019894537460,2019,894537460,20190020052,COUNTY SHERIFF'S OFFICE,04 FOURTH,PALM BEACH,"November 22, 2019",1012,SATURDAY,9394 WEST PALM BEACH,0694,Y,DIXIE HWY S,GRUBER PL,0.019,S,0,0,26.7027569,-80.0538591,93020001,1.497,00698,SR 5,US 1,L LEFT,2 THRU LANE 2,N NORTH,22 URBAN 4-5LN 2WY UNDIVD,02 U.S.,01 NON-JUNCTION,01 ON ROADWAY,01 NOT AT INTERSECTION,03 CURB,44,"June 9, 2019",16 URBAN MINOR ART,44,CURB&GUTTER,7,CURB&GUTTER,2,,0,,17000,RCI,4.9,,35,1 NO INJURY,31 Q/C COMPLETED - LOC VERIFIED,0 NO,01 NOT AT INTERSECTION/RRX/BRIDGE,01 DAYLIGHT,02 CLOUDY,01 DRY,01 LEVEL,1 STRAIGHT,"TWO-WAY, NOT DIVIDED","TWO-WAY, NOT DIVIDED",NO CONTROLS,NO CONTROLS,4,NONE,NOT CODED,NOT CODED,NONE,NOT CODED,NOT CODED,14 MOTOR VEHICLE IN TRANSPORT,"05 SIDESWIPE, OPPOSITE DIRECTION",01 STRAIGHT AHEAD,NOT CODED,NO CONTRIBUTING ACTION,00 NOT CODED,00 NOT CODED,00 NOT CODED,00 NOT CODED,01 NO,0,0,0,0,2,0,2,2,N,N,N,N,Y,N,N,N,N,N,N,N,N,N,N,N,N,N,N,N,N,N,N,N,N,N,26.702763313,-80.053855712,594119.999852,2953863.46606,C,,ARBM15Q1R2,"March 1, 2022",3320523,-8911554.750534302,3086385.3946731915
2019890865820,2019,890865820,20190009711,COUNTY SHERIFF'S OFFICE,04 FOURTH,PALM BEACH,"June 2, 2019",1613,MONDAY,9394 WEST PALM BEACH,0694,Y,MERCER AVE,OKEECHOBEE RD,0,E,0,0,26.699385,-80.067616,93000247,0.687,,,,I INTERSECTION,M MIDDLE,W WEST,,05 LOCAL,02 INTERSECTION,01 ON ROADWAY,02 FOUR-WAY INTERSECTION,03 CURB,0,"December 31, 2000",,,,0,,0,,0,,,RCI,0,,,1 NO INJURY,33 Q/C VERIFIED AS OFF-SYSTEM,0 NO,02 AT INTERSECTION,01 DAYLIGHT,02 CLOUDY,01 DRY,01 LEVEL,1 STRAIGHT,"TWO-WAY, NOT DIVIDED","TWO-WAY, NOT DIVIDED",STOP SIGN,NO CONTROLS,,NONE,NOT CODED,NOT CODED,NONE,NOT CODED,NOT CODED,14 MOTOR VEHICLE IN TRANSPORT,03 ANGLE,01 STRAIGHT AHEAD,FAILED TO YIELD RIGHT-OF-WAY,NO CONTRIBUTING ACTION,00 NOT CODED,00 NOT CODED,00 NOT CODED,00 NOT CODED,01 NO,0,0,0,0,2,0,2,4,N,N,N,Y,N,N,N,N,N,N,N,N,N,N,N,N,N,N,N,N,N,N,N,N,N,N,26.699385077,-80.067617332,592753.6926,2953479.1955,C,U,ARBM15Q1R2,"March 1, 2022",3320688,-8913086.687473273,3085964.441876475
2019890862710,2019,890862710,20190008638,COUNTY SHERIFF'S OFFICE,04 FOURTH,PALM BEACH,"May 16, 2019",1350,FRIDAY,9394 WEST PALM BEACH,0694,Y,OKEECHOBEE BLVD,QUADRILLE BLVD S,0,,0,0,26.7054881,-80.0548517,93280000,9.021,01774,SR 704,,L LEFT,3 THRU LANE 3,N NORTH,40 URBAN ONE WAY,03 STATE,01 NON-JUNCTION,01 ON ROADWAY,02 FOUR-WAY INTERSECTION,03 CURB,39,"May 2, 2017",16 URBAN MINOR ART,46,CURB&GUTTER,2,,0,,0,,22000,RCI,2.4,,35,1 NO INJURY,31 Q/C COMPLETED - LOC VERIFIED,0 NO,02 AT INTERSECTION,01 DAYLIGHT,01 CLEAR,01 DRY,01 LEVEL,1 STRAIGHT,"TWO-WAY, DIVIDED, POSITIVE MED","TWO-WAY, DIVIDED, POSITIVE MED",NO CONTROLS,NO CONTROLS,4,NONE,NOT CODED,NOT CODED,NONE,NOT CODED,NOT CODED,14 MOTOR VEHICLE IN TRANSPORT,03 ANGLE,01 STRAIGHT AHEAD,OTHER CONTRIBUTING ACTION,NO CONTRIBUTING ACTION,00 NOT CODED,00 NOT CODED,00 NOT CODED,00 NOT CODED,01 NO,0,0,0,0,2,0,2,2,N,N,N,Y,N,N,N,N,N,N,N,N,N,N,N,N,N,N,N,N,N,N,N,N,N,N,26.705475075,-80.054873906,594016.480306,2954163.079346,O,,ARBM15Q1R2,"March 1, 2022",3320690,-8911668.095420076,3086723.308921875
2019890856670,2019,890856670,20190006639,COUNTY SHERIFF'S OFFICE,04 FOURTH,PALM BEACH,"April 15, 2019",1323,TUESDAY,9394 WEST PALM BEACH,0694,Y,N CONGRESS AVE,PRESIDENTIAL WAY,0,E,0,0,26.726701,-80.08501,93250500,2.6,,,,I INTERSECTION,M MIDDLE,N NORTH,,04 COUNTY,02 INTERSECTION,01 ON ROADWAY,02 FOUR-WAY INTERSECTION,03 CURB,0,"December 31, 2000",,,,0,,0,,0,,,RCI,0,,,2 POSSIBLE INJURY,33 Q/C VERIFIED AS OFF-SYSTEM,0 NO,02 AT INTERSECTION,01 DAYLIGHT,01 CLEAR,01 DRY,01 LEVEL,1 STRAIGHT,"TWO-WAY, DIVIDED, POSITIVE MED","TWO-WAY, NOT DIV, W/CONT LTURN",TRAFFIC CONTROL SIGNAL,TRAFFIC CONTROL SIGNAL,,NONE,NONE,NONE,NONE,NONE,NONE,14 MOTOR VEHICLE IN TRANSPORT,03 ANGLE,03 TURNING LEFT,FAILED TO YIELD RIGHT-OF-WAY,NO CONTRIBUTING ACTION,00 NOT CODED,00 NOT CODED,00 NOT CODED,00 NOT CODED,01 NO,2,0,0,0,2,0,2,4,N,N,N,Y,N,N,N,N,N,N,N,N,N,N,N,N,N,N,N,N,N,Y,N,Y,N,N,26.726704307,-80.085006445,591002.005112,2956492.628178,C,U,ARBM15Q1R2,"March 1, 2022",3320691,-8915022.435376171,3089368.974506917
2019881506040,2019,881506040,FHPL19OFF067938,FLORIDA HIGHWAY PATROL,04 FOURTH,PALM BEACH,"October 12, 2019",1630,SUNDAY,9394 WEST PALM BEACH,0694,N,I 95,SOUTHERN BLVD,0.1,S,26.6606086,-80.0709943,26.6738648,-80.0696631,93220000,24.801,04887,SR 9,I 95,L LEFT,S SIDE OF ROAD,S SOUTH,01 INTERSTATE URBAN,01 INTERSTATE,01 NON-JUNCTION,02 OFF ROADWAY,01 NOT AT INTERSECTION,01 PAVED,36,"June 10, 2019",11 URBAN PRIN ART INT.,76,PAVED WARN,10,LAWN,12,LAWN,12,33,253000,RCI,7.3,,65,1 NO INJURY,31 Q/C COMPLETED - LOC VERIFIED,0 NO,01 NOT AT INTERSECTION/RRX/BRIDGE,01 DAYLIGHT,02 CLOUDY,02 WET,01 LEVEL,1 STRAIGHT,"TWO-WAY, DIVIDED, POSITIVE MED",,NO CONTROLS,NOT CODED,11,NONE,NOT CODED,NOT CODED,NONE,NOT CODED,NOT CODED,14 MOTOR VEHICLE IN TRANSPORT,77 OTHER (SEE NARRATIVE),01 STRAIGHT AHEAD,OVER-CORRECTING/OVERSTEERING,NOT CODED,00 NOT CODED,00 NOT CODED,00 NOT CODED,00 NOT CODED,01 NO,0,0,0,0,1,0,1,1,N,N,N,N,Y,N,N,N,N,N,N,N,N,N,N,N,N,N,N,N,N,N,N,N,N,N,26.673550073,-80.070067619,592530.784831,2950615.851383,L,,ARBM15Q1R2,"March 1, 2022",3320862,-8913359.452210346,3082745.6250542975
2019894543070,2019,894543070,20190021779,COUNTY SHERIFF'S OFFICE,04 FOURTH,PALM BEACH,"December 21, 2019",2101,SUNDAY,9394 WEST PALM BEACH,0694,Y,OKEECHOBEE BLVD,WABASSO DR,0.009,W,0,0,26.706683,-80.1003344,93280000,6.205,03983,SR 704,,R RIGHT,2 THRU LANE 2,E EAST,30 URBAN 6+LN 2WY DIVD RASD,04 COUNTY,01 NON-JUNCTION,01 ON ROADWAY,01 NOT AT INTERSECTION,01 PAVED,34,"May 2, 2017",14 URBAN PRIN ART OTHER,33,PAVED,3,CURB&GUTTER,2,,0,30,65500,RCI,2.3,,45,1 NO INJURY,31 Q/C COMPLETED - LOC VERIFIED,0 NO,01 NOT AT INTERSECTION/RRX/BRIDGE,04 DARK-LIGHTED,03 RAIN,02 WET,01 LEVEL,1 STRAIGHT,"TWO-WAY, DIVIDED, UNPROTECTED","TWO-WAY, DIVIDED, UNPROTECTED",NO CONTROLS,NO CONTROLS,7,NONE,NOT CODED,NOT CODED,NONE,NOT CODED,NOT CODED,14 MOTOR VEHICLE IN TRANSPORT,77 OTHER (SEE NARRATIVE),77 OTHER (SEE NARRATIVE),FOLLOWED TOO CLOSELY,NO CONTRIBUTING ACTION,00 NOT CODED,00 NOT CODED,00 NOT CODED,00 NOT CODED,01 NO,0,0,0,0,3,0,3,3,N,N,N,N,N,N,N,N,N,N,N,N,N,N,N,N,N,N,N,N,N,Y,Y,N,N,N,26.706645604,-80.100425912,589484.047364,2954259.944107,R,,ARBM15Q1R2,"March 1, 2022",3321177,-8916738.923046047,3086869.171635937
2019890850780,2019,890850780,20190004799,COUNTY SHERIFF'S OFFICE,04 FOURTH,PALM BEACH,"March 15, 2019",2349,SATURDAY,9394 WEST PALM BEACH,0694,Y,CLEMATIS ST,QUADRILLE BLVD S,0.014,E,0,0,26.7134481,-80.0549709,93020100,0.542,02395,SR 5,US 1,S SIDE RD RIGHT,P PARKING,0,10 URBAN 2-3LN 2WY DIVD RASD,04 COUNTY,01 NON-JUNCTION,08 IN PARKING LANE OR ZONE,01 NOT AT INTERSECTION,03 CURB,40,"June 10, 2019",17 URBAN MAJOR COLLECTOR,11,CURB&GUTTER,2,,0,,0,16,13200,RCI,5.2,,30,0 UNKNOWN/NOT CODED,31 Q/C COMPLETED - LOC VERIFIED,0 NO,01 NOT AT INTERSECTION/RRX/BRIDGE,04 DARK-LIGHTED,03 RAIN,02 WET,00 NOT CODED,0 NOT CODED,NOT CODED,"TWO-WAY, DIVIDED, UNPROTECTED",NOT CODED,NO CONTROLS,3,NONE,NOT CODED,NOT CODED,NONE,NOT CODED,NOT CODED,14 MOTOR VEHICLE IN TRANSPORT,01 FRONT TO REAR,00 NOT CODED,NOT CODED,NOT CODED,00 NOT CODED,00 NOT CODED,00 NOT CODED,00 NOT CODED,01 NO,0,0,0,0,1,0,2,1,N,N,N,N,Y,N,N,N,N,N,N,N,N,N,N,N,N,N,N,N,N,N,N,N,N,N,26.713443799,-80.054986226,593998.762683,2955045.641801,C,,ARBM15Q1R2,"March 1, 2022",3321299,-8911680.598873928,3087716.343074392
2019890852120,2019,890852120,20190005176,COUNTY SHERIFF'S OFFICE,04 FOURTH,PALM BEACH,"March 22, 2019",1317,SATURDAY,9394 WEST PALM BEACH,0694,Y,US 1,36TH ST,0,,0,0,26.7460528,-80.056528,93020000,10.945,00760,SR 5,US 1,R RIGHT,2 THRU LANE 2,0,21 URBAN 4-5LN 2WY DIVD PAVD,02 U.S.,02 INTERSECTION,01 ON ROADWAY,02 FOUR-WAY INTERSECTION,03 CURB,45,"June 10, 2019",16 URBAN MINOR ART,22,CURB&GUTTER,2,,0,,0,16,16200,RCI,2.4,,35,1 NO INJURY,31 Q/C COMPLETED - LOC VERIFIED,0 NO,02 AT INTERSECTION,01 DAYLIGHT,02 CLOUDY,01 DRY,00 NOT CODED,0 NOT CODED,NOT CODED,"TWO-WAY, NOT DIVIDED",NOT CODED,TRAFFIC CONTROL SIGNAL,4,NONE,NOT CODED,NOT CODED,NONE,NOT CODED,NOT CODED,14 MOTOR VEHICLE IN TRANSPORT,03 ANGLE,00 NOT CODED,NOT CODED,NO CONTRIBUTING ACTION,00 NOT CODED,00 NOT CODED,00 NOT CODED,00 NOT CODED,01 NO,0,0,0,0,2,0,2,2,N,N,N,Y,N,N,N,N,N,N,N,N,N,N,N,N,N,N,N,N,N,Y,Y,N,N,N,26.746015351,-80.05653419,593818.058366,2958652.255231,C,,ARBM15Q1R2,"March 1, 2022",3321347,-8911852.917580668,3091776.0170593